rv.AEX,rv.AORD,rv.BFX,rv.BSESN,rv.BVLG,rv.BVSP,rv.DJI,rv.FCHI,rv.FTMIB,rv.FTSE,rv.GDAXI,rv.GSPTSE,rv.HSI,rv.IBEX,rv.IXIC,rv.KS11,rv.KSE,rv.MXX,rv.N225,rv.NSEI,rv.OMXC20,rv.OMXHPI,rv.OMXSPI,rv.OSEAX,rv.RUT,rv.SMSI,rv.SPX,rv.SSEC,rv.SSMI,rv.STI,rv.STOXX50E,V1,V2,V3,
1.46E-05,2.16E-05,2.30E-05,2.81E-05,2.39E-05,0.000123668,2.99E-05,1.05E-05,2.25E-05,2.04E-05,1.47E-05,1.92E-05,3.37E-05,2.37E-05,2.41E-05,2.83E-05,3.84E-05,2.43E-05,1.76E-05,2.37E-05,3.72E-05,1.41E-05,1.68E-05,1.76E-05,3.21E-05,2.59E-05,1.23E-05,1.67E-05,2.31E-05,2.70E-05,1.06E-05,5.90E-10,4.06E-10,2.79E-10,
1.27E-05,1.30E-05,2.18E-05,3.03E-05,1.86E-05,8.02E-05,5.56E-06,1.60E-05,2.70E-05,2.01E-05,1.39E-05,5.55E-06,2.20E-05,7.03E-05,7.60E-06,4.64E-05,5.64E-05,3.21E-05,1.42E-05,2.27E-05,3.38E-05,2.62E-05,2.67E-05,4.72E-05,9.05E-06,3.74E-05,1.29E-05,3.77E-05,2.12E-05,2.09E-05,2.07E-05,1.03E-09,1.21E-09,1.42E-09,
7.88E-06,1.28E-05,1.55E-05,1.28E-05,1.71E-05,2.67E-05,5.56E-06,8.53E-06,1.93E-05,6.08E-06,7.08E-06,3.01E-06,2.18E-05,9.14E-06,7.60E-06,2.82E-05,8.73E-05,1.49E-05,4.51E-06,1.06E-05,3.44E-05,3.40E-05,1.20E-05,1.44E-05,9.05E-06,1.41E-05,1.29E-05,3.40E-05,7.18E-06,1.19E-05,8.28E-06,2.22E-10,5.07E-10,1.16E-09,
2.30E-05,1.34E-05,3.11E-05,8.28E-05,1.57E-05,4.81E-05,1.85E-05,2.42E-05,2.53E-05,2.47E-05,3.75E-05,1.05E-05,1.56E-05,4.41E-05,1.90E-05,3.55E-05,3.40E-05,4.09E-05,1.31E-05,7.79E-05,3.94E-05,6.29E-05,0.000109157,1.83E-05,2.58E-05,3.77E-05,2.76E-05,2.78E-05,2.86E-05,1.75E-05,2.76E-05,1.67E-09,1.14E-09,7.73E-10,
2.18E-05,9.53E-06,4.13E-05,9.27E-05,1.33E-05,1.47E-05,1.78E-05,2.17E-05,2.35E-05,1.43E-05,2.12E-05,6.27E-06,8.69E-05,2.12E-05,2.09E-05,5.35E-05,4.47E-05,4.81E-05,1.81E-05,8.17E-05,5.57E-05,2.23E-05,3.18E-05,2.96E-05,1.30E-05,2.50E-05,4.64E-06,0.000120059,1.50E-05,2.53E-05,1.79E-05,2.31E-09,5.77E-09,1.44E-08,
2.47E-05,1.11E-05,4.65E-05,7.73E-05,1.48E-05,1.47E-05,9.35E-06,3.06E-05,2.65E-05,2.35E-05,2.79E-05,9.49E-06,3.27E-05,9.04E-06,1.46E-05,4.01E-05,6.52E-05,9.06E-05,2.03E-05,6.91E-05,7.03E-05,3.48E-05,3.53E-05,3.45E-05,1.08E-05,2.30E-05,1.39E-05,3.65E-05,4.15E-05,3.44E-05,5.08E-05,8.21E-09,3.31E-09,1.33E-09,
2.99E-05,2.15E-05,3.26E-05,4.39E-05,2.20E-05,3.11E-05,2.11E-05,3.19E-05,3.49E-05,2.88E-05,3.04E-05,1.49E-05,2.32E-05,2.78E-05,3.01E-05,2.83E-05,2.50E-05,4.97E-05,1.73E-05,5.05E-05,6.35E-05,1.76E-05,3.39E-05,2.37E-05,1.77E-05,2.60E-05,1.36E-05,2.79E-05,4.09E-05,2.91E-05,3.38E-05,2.47E-09,1.39E-09,7.78E-10,
2.38E-05,1.36E-05,4.37E-05,2.54E-05,1.74E-05,4.63E-05,1.25E-05,3.86E-05,2.37E-05,2.23E-05,3.72E-05,6.66E-06,4.11E-05,2.04E-05,1.65E-05,3.71E-05,2.61E-05,3.24E-05,9.22E-06,2.35E-05,4.70E-05,1.77E-05,2.09E-05,2.24E-05,2.44E-05,2.28E-05,7.36E-06,4.84E-05,2.55E-05,4.05E-05,3.22E-05,1.05E-09,1.57E-09,2.34E-09,
1.23E-05,1.12E-05,3.21E-05,2.97E-05,9.71E-06,5.07E-05,1.04E-05,1.82E-05,1.23E-05,1.21E-05,2.35E-05,4.63E-06,1.81E-05,5.71E-06,6.89E-06,2.44E-05,2.10E-05,2.98E-05,2.17E-05,2.57E-05,8.93E-05,1.69E-05,1.69E-05,1.83E-05,1.60E-05,2.75E-05,5.79E-06,5.36E-05,4.28E-05,1.56E-05,1.66E-05,8.88E-10,1.60E-09,2.87E-09,
4.28E-05,3.15E-05,0.000150183,3.34E-05,1.73E-05,4.33E-05,7.94E-06,2.96E-05,2.34E-05,2.04E-05,5.78E-05,6.22E-06,1.81E-05,2.35E-05,6.89E-06,3.31E-05,7.77E-05,4.18E-05,2.17E-05,3.04E-05,0.000103607,3.87E-05,6.12E-05,3.38E-05,1.96E-05,2.16E-05,3.24E-06,5.36E-05,4.22E-05,2.08E-05,3.64E-05,1.75E-09,2.24E-09,2.87E-09,
1.82E-05,7.38E-06,2.94E-05,2.33E-05,1.37E-05,4.84E-05,1.05E-05,2.02E-05,2.76E-05,1.84E-05,2.86E-05,6.44E-06,1.88E-05,2.48E-05,1.78E-05,4.69E-05,0.000104653,3.38E-05,2.17E-05,1.98E-05,7.74E-05,1.10E-05,1.59E-05,4.58E-05,2.27E-05,1.88E-05,7.67E-06,1.94E-05,2.25E-05,1.35E-05,2.05E-05,1.14E-09,6.56E-10,3.76E-10,
2.72E-05,1.03E-05,2.10E-05,1.27E-05,1.87E-05,2.88E-05,1.37E-05,2.28E-05,2.38E-05,2.19E-05,3.52E-05,7.43E-06,2.86E-05,3.07E-05,1.73E-05,2.86E-05,9.12E-05,2.53E-05,2.20E-05,1.19E-05,5.14E-05,2.04E-05,4.83E-05,5.57E-05,2.84E-05,2.13E-05,1.78E-05,2.77E-05,3.96E-05,1.97E-05,2.58E-05,6.40E-10,7.01E-10,7.67E-10,
4.35E-05,1.02E-05,5.78E-05,1.68E-05,1.51E-05,2.68E-05,1.89E-05,8.00E-05,3.86E-05,3.40E-05,4.55E-05,6.23E-06,2.00E-05,2.61E-05,2.61E-05,3.70E-05,5.70E-05,8.10E-05,3.39E-05,1.65E-05,4.74E-05,9.79E-05,4.36E-05,7.86E-05,1.89E-05,4.40E-05,2.57E-05,2.19E-05,3.67E-05,1.55E-05,9.03E-05,6.56E-09,1.77E-09,4.80E-10,
7.56E-05,1.31E-05,7.13E-05,4.26E-05,1.88E-05,2.53E-05,2.31E-05,5.14E-05,6.88E-05,5.82E-05,3.42E-05,1.12E-05,2.04E-05,7.90E-05,3.50E-05,2.96E-05,0.000144977,3.00E-05,2.38E-05,4.26E-05,6.32E-05,3.91E-05,2.76E-05,2.25E-05,3.11E-05,4.31E-05,3.67E-05,3.73E-05,2.60E-05,1.09E-05,6.53E-05,9.00E-10,1.12E-09,1.39E-09,
2.09E-05,7.76E-06,3.80E-05,6.16E-05,1.43E-05,4.67E-05,2.01E-05,2.46E-05,4.36E-05,2.61E-05,2.74E-05,5.65E-06,2.87E-05,1.41E-05,2.12E-05,2.61E-05,5.83E-05,4.83E-05,2.76E-05,5.77E-05,3.74E-05,2.13E-05,2.91E-05,1.01E-05,2.23E-05,3.50E-05,8.01E-06,0.000112784,2.97E-05,1.39E-05,2.72E-05,2.33E-09,5.45E-09,1.27E-08,
2.35E-05,1.14E-05,3.48E-05,5.00E-05,1.20E-05,2.72E-05,1.81E-05,4.07E-05,2.83E-05,5.48E-05,2.85E-05,7.42E-06,1.75E-05,3.27E-05,2.13E-05,2.50E-05,4.73E-05,6.22E-05,3.08E-05,4.56E-05,3.13E-05,3.74E-05,3.18E-05,4.99E-05,1.67E-05,3.41E-05,1.21E-05,2.50E-05,2.85E-05,1.69E-05,5.32E-05,3.87E-09,1.56E-09,6.25E-10,
2.15E-05,1.48E-05,4.04E-05,5.12E-05,2.29E-05,1.46E-05,1.26E-05,1.96E-05,1.95E-05,2.70E-05,2.23E-05,6.56E-06,3.13E-05,2.15E-05,1.57E-05,3.36E-05,3.41E-05,3.61E-05,1.39E-05,5.24E-05,0.000126506,3.10E-05,2.27E-05,2.02E-05,2.69E-05,3.19E-05,2.07E-05,3.57E-05,2.45E-05,1.51E-05,1.69E-05,1.30E-09,1.29E-09,1.27E-09,
0.000106759,9.32E-06,0.000228315,5.47E-05,6.76E-05,6.75E-05,2.44E-05,0.000167831,0.000205072,4.21E-05,0.00010821,1.40E-05,1.15E-05,0.000201843,3.51E-05,5.13E-05,4.01E-05,5.52E-05,2.67E-05,5.81E-05,7.39E-05,0.000129325,4.90E-05,5.85E-05,3.21E-05,0.000168546,1.45E-05,1.69E-05,8.19E-05,1.31E-05,0.000153081,3.05E-09,9.33E-10,2.86E-10,
2.56E-05,1.20E-05,2.41E-05,4.84E-05,1.54E-05,4.06E-05,6.87E-06,2.88E-05,2.52E-05,1.72E-05,2.16E-05,5.31E-06,1.31E-05,3.07E-05,1.47E-05,3.34E-05,1.93E-05,6.58E-05,2.11E-05,4.98E-05,3.07E-05,3.86E-05,1.72E-05,1.97E-05,1.14E-05,3.68E-05,9.36E-06,1.69E-05,3.50E-05,1.53E-05,2.19E-05,4.33E-09,1.11E-09,2.86E-10,
3.23E-05,1.14E-05,2.61E-05,6.63E-05,1.18E-05,3.76E-05,8.97E-06,3.25E-05,2.35E-05,3.36E-05,2.17E-05,6.39E-06,5.45E-05,1.68E-05,2.17E-05,7.74E-05,5.47E-05,4.33E-05,2.30E-05,5.70E-05,3.41E-05,1.24E-05,1.95E-05,1.97E-05,2.10E-05,3.07E-05,5.06E-06,1.44E-05,2.20E-05,1.76E-05,1.79E-05,1.87E-09,6.24E-10,2.07E-10,
3.59E-05,2.16E-05,5.51E-05,5.79E-05,2.05E-05,3.28E-05,1.93E-05,4.89E-05,4.30E-05,4.58E-05,7.67E-05,8.67E-06,2.48E-05,0.00029397,2.13E-05,2.27E-05,8.71E-05,7.49E-05,2.50E-05,5.92E-05,6.55E-05,2.17E-05,3.57E-05,3.38E-05,2.11E-05,5.51E-05,1.05E-05,1.95E-05,3.84E-05,2.28E-05,4.74E-05,5.61E-09,1.46E-09,3.80E-10,
2.78E-05,9.26E-06,5.03E-05,5.79E-05,2.25E-05,0.000104851,5.74E-05,2.66E-05,5.07E-05,2.22E-05,2.93E-05,3.22E-05,3.56E-05,1.38E-05,0.000133944,8.50E-05,6.33E-05,0.00011974,2.12E-05,5.83E-05,8.02E-05,2.20E-05,1.99E-05,7.66E-05,0.000160719,3.30E-05,0.000142186,1.99E-05,3.23E-05,3.50E-05,2.37E-05,1.43E-08,2.38E-09,3.96E-10,
0.00014823,2.26E-05,6.12E-05,7.06E-05,4.15E-05,0.000158811,0.000168165,6.10E-05,9.05E-05,7.13E-05,7.19E-05,4.07E-05,3.51E-05,4.36E-05,0.000234741,4.74E-05,6.29E-05,0.000100803,3.21E-05,6.39E-05,5.63E-05,4.19E-05,5.66E-05,6.78E-05,0.00014746,7.47E-05,0.000189888,1.85E-05,3.23E-05,2.70E-05,6.55E-05,1.02E-08,1.86E-09,3.42E-10,
0.000116698,2.49E-05,0.0001506,0.000164378,5.14E-05,8.63E-05,7.51E-05,0.000144412,0.000123017,0.00031938,0.000140919,3.42E-05,2.48E-05,7.21E-05,7.47E-05,7.21E-05,2.44E-05,6.53E-05,3.58E-05,0.000147032,0.000122437,8.71E-05,8.76E-05,0.000181776,7.12E-05,9.24E-05,4.14E-05,3.19E-05,0.000105527,1.73E-05,0.000399852,4.26E-09,2.08E-09,1.02E-09,
6.47E-05,2.33E-05,0.000100112,0,3.59E-05,6.88E-05,0.000169134,0.000110708,7.99E-05,0.000167838,8.39E-05,3.42E-05,9.11E-05,5.78E-05,0.000129931,0.000104275,0.000109053,0.000125435,7.62E-05,8.23E-05,0.000122437,6.09E-05,7.39E-05,0.000138545,7.12E-05,7.94E-05,0.000254366,5.80E-05,7.91E-05,4.59E-05,0.000113327,1.57E-08,7.28E-09,3.36E-09,
9.25E-05,0.000481391,7.64E-05,8.77E-05,3.52E-05,5.51E-05,0.000103553,7.99E-05,6.67E-05,6.68E-05,0.000100468,6.78E-05,0.000180867,6.94E-05,0.000130432,0.000220464,4.27E-05,0.000101859,0.000194074,9.01E-05,0.000129363,5.36E-05,7.50E-05,6.95E-05,0.000112505,6.52E-05,6.01E-05,0.000123514,6.26E-05,5.05E-05,8.39E-05,1.04E-08,1.26E-08,1.53E-08,
0.000120041,2.44E-05,0.000136391,0.000102764,5.16E-05,5.91E-05,0.000191802,0.000107059,0.000106486,6.01E-05,9.97E-05,2.90E-05,5.89E-05,9.35E-05,0.000147861,0.000120917,9.94E-05,7.51E-05,6.11E-05,8.96E-05,0.00013059,4.95E-05,5.34E-05,7.25E-05,0.000101742,9.16E-05,0.000194923,2.83E-05,8.42E-05,2.94E-05,0.000101994,5.64E-09,2.13E-09,8.01E-10,
4.36E-05,7.47E-05,8.77E-05,6.93E-05,3.18E-05,4.38E-05,3.88E-05,5.67E-05,8.86E-05,5.94E-05,6.83E-05,1.74E-05,0.000104579,2.85E-05,4.10E-05,8.61E-05,0.000236257,4.57E-05,5.58E-05,6.57E-05,0.000202387,0.000102603,0.000102059,0.000216772,2.86E-05,6.03E-05,8.30E-05,3.50E-05,4.02E-05,4.21E-05,8.89E-05,2.09E-09,1.60E-09,1.23E-09,
4.27E-05,2.46E-05,5.60E-05,4.48E-05,2.88E-05,5.60E-05,8.06E-05,3.29E-05,5.68E-05,4.90E-05,8.39E-05,2.19E-05,3.68E-05,3.40E-05,8.61E-05,2.66E-05,7.44E-05,4.18E-05,2.42E-05,4.49E-05,0.000137595,3.99E-05,3.76E-05,5.87E-05,4.75E-05,5.68E-05,5.37E-05,2.90E-05,4.03E-05,4.21E-05,6.08E-05,1.75E-09,1.21E-09,8.41E-10,
0.000127656,1.66E-05,0.000137037,4.48E-05,2.97E-05,4.72E-05,5.40E-05,0.000120604,8.01E-05,7.65E-05,6.71E-05,1.94E-05,6.38E-05,8.62E-05,5.43E-05,3.21E-05,7.44E-05,3.29E-05,2.42E-05,4.49E-05,0.000117105,4.11E-05,5.45E-05,6.23E-05,3.02E-05,5.71E-05,5.12E-05,2.88E-05,5.75E-05,4.21E-05,0.000122695,1.08E-09,9.48E-10,8.29E-10,
0.000199974,2.69E-05,0.000210429,0.000108352,8.17E-05,4.10E-05,0.000218711,0.000236038,0.000160474,9.96E-05,0.000281326,2.34E-05,5.02E-05,0.000140779,0.000269404,3.61E-05,7.44E-05,8.27E-05,4.49E-05,9.95E-05,0.000107791,8.48E-05,0.000107752,0.000118164,0.000128467,0.000162833,0.000186989,2.04E-05,0.000137703,3.00E-05,0.00023381,6.84E-09,1.69E-09,4.16E-10,
8.92E-05,2.75E-05,7.18E-05,8.95E-05,4.56E-05,5.19E-05,0.000158132,8.39E-05,7.62E-05,5.97E-05,9.40E-05,4.06E-05,6.34E-05,0.000169261,0.000100071,2.88E-05,7.44E-05,0.000121725,2.39E-05,9.36E-05,7.03E-05,5.97E-05,5.68E-05,7.66E-05,0.00011604,6.36E-05,0.000130398,1.78E-05,6.22E-05,3.21E-05,8.60E-05,1.48E-08,2.17E-09,3.17E-10,
0.000214914,0.000190169,0.000243146,8.95E-05,8.22E-05,0.000119724,0.000103815,0.000233627,7.62E-05,0.000153793,0.000335964,3.92E-05,0.000101881,0.000123101,0.00012091,2.88E-05,7.44E-05,0.000114766,5.07E-05,9.36E-05,0.000165207,0.000149162,0.000172409,0.000195097,5.34E-05,0.000188306,4.34E-05,4.48E-05,0.000170985,4.96E-05,0.000272102,1.32E-08,5.14E-09,2.01E-09,
6.43E-05,1.88E-05,0.000108804,9.36E-05,5.73E-05,8.36E-05,6.80E-05,7.56E-05,6.17E-05,9.00E-05,7.10E-05,1.38E-05,7.60E-05,9.65E-05,4.78E-05,2.57E-05,6.18E-05,7.89E-05,2.05E-05,9.03E-05,8.34E-05,3.94E-05,5.11E-05,9.17E-05,3.85E-05,6.95E-05,3.63E-05,2.62E-05,4.16E-05,3.38E-05,9.43E-05,6.23E-09,2.07E-09,6.86E-10,
3.73E-05,4.88E-05,6.97E-05,3.94E-05,4.07E-05,6.18E-05,5.28E-05,4.88E-05,3.19E-05,8.99E-05,5.63E-05,7.97E-06,5.42E-05,2.43E-05,1.75E-05,1.92E-05,9.05E-05,0.000119985,1.82E-05,3.64E-05,4.84E-05,8.12E-05,7.44E-05,0.000186836,1.91E-05,6.35E-05,1.30E-05,4.31E-05,3.94E-05,2.57E-05,0.000107564,1.44E-08,5.17E-09,1.86E-09,
4.59E-05,2.61E-05,7.29E-05,5.75E-05,4.28E-05,8.82E-05,2.51E-05,5.86E-05,7.23E-05,5.18E-05,5.98E-05,1.90E-05,3.43E-05,5.73E-05,3.02E-05,3.04E-05,0.000101451,5.31E-05,1.38E-05,5.35E-05,5.29E-05,4.96E-05,5.35E-05,7.80E-05,1.75E-05,6.10E-05,2.46E-05,3.34E-05,4.86E-05,1.35E-05,5.44E-05,2.82E-09,1.77E-09,1.12E-09,
3.33E-05,3.92E-05,3.32E-05,3.68E-05,1.26E-05,7.86E-05,1.75E-05,4.00E-05,2.24E-05,3.50E-05,3.87E-05,9.24E-06,3.04E-05,2.96E-05,2.21E-05,2.50E-05,0.00012285,4.12E-05,1.10E-05,3.86E-05,3.64E-05,2.56E-05,3.05E-05,5.09E-05,1.37E-05,3.51E-05,4.94E-06,1.45E-05,2.78E-05,1.79E-05,4.25E-05,1.70E-09,5.97E-10,2.10E-10,
6.91E-05,2.60E-05,8.78E-05,6.11E-05,2.13E-05,5.24E-05,4.85E-05,7.76E-05,3.94E-05,7.54E-05,7.24E-05,1.44E-05,4.24E-05,8.08E-05,5.61E-05,4.16E-05,0.000131968,3.56E-05,1.65E-05,5.98E-05,5.60E-05,4.84E-05,4.53E-05,6.69E-05,4.61E-05,6.16E-05,5.05E-05,1.82E-05,3.97E-05,2.05E-05,6.95E-05,1.27E-09,6.48E-10,3.31E-10,
0.000183522,1.36E-05,0.000160672,0.000118138,7.13E-05,0.00025321,0.00022558,0.000228776,0.000183859,0.000117412,0.00017445,5.23E-05,5.01E-05,8.41E-05,0.000273734,3.18E-05,0.000191257,8.46E-05,1.38E-05,0.000106124,7.74E-05,0.000104682,0.000115272,9.40E-05,0.000172024,0.000112881,0.000368179,5.46E-05,0.000107509,1.66E-05,0.000205493,7.16E-09,4.62E-09,2.98E-09,
8.09E-05,0.00018437,0.000112738,0.000179782,3.53E-05,8.26E-05,7.10E-05,8.36E-05,8.29E-05,0.000117412,9.99E-05,1.68E-05,9.77E-05,5.82E-05,5.46E-05,3.52E-05,0.000104699,3.19E-05,7.70E-05,0.000172942,0.000236451,7.46E-05,8.15E-05,0.000196074,2.94E-05,5.65E-05,2.38E-05,5.67E-05,8.98E-05,2.72E-05,7.87E-05,1.02E-09,1.81E-09,3.21E-09,
4.63E-05,1.20E-05,6.02E-05,7.22E-05,2.04E-05,0.00017621,5.39E-05,4.72E-05,7.30E-05,4.90E-05,4.99E-05,1.65E-05,3.62E-05,5.32E-05,6.72E-05,2.92E-05,0.000195451,5.57E-05,1.53E-05,7.54E-05,4.50E-05,2.56E-05,2.48E-05,2.95E-05,5.20E-05,3.46E-05,6.35E-05,5.45E-05,3.41E-05,2.16E-05,4.87E-05,3.10E-09,3.04E-09,2.97E-09,
6.87E-05,1.38E-05,6.68E-05,4.64E-05,3.62E-05,6.04E-05,4.05E-05,7.13E-05,8.07E-05,7.33E-05,8.46E-05,1.13E-05,2.24E-05,2.66E-05,4.95E-05,2.57E-05,0.000122705,2.11E-05,9.63E-06,5.01E-05,5.02E-05,5.70E-05,6.33E-05,3.90E-05,4.56E-05,4.75E-05,5.98E-05,1.52E-05,5.70E-05,2.77E-05,7.08E-05,4.45E-10,3.21E-10,2.31E-10,
6.95E-05,1.66E-05,7.16E-05,7.74E-05,3.29E-05,6.24E-05,3.57E-05,8.27E-05,4.96E-05,4.48E-05,6.94E-05,9.83E-06,6.75E-05,6.20E-05,4.14E-05,5.94E-05,0.000129588,0.00010332,2.41E-05,8.52E-05,6.72E-05,3.78E-05,4.43E-05,3.61E-05,3.13E-05,4.87E-05,2.61E-05,2.23E-05,5.31E-05,3.60E-05,7.08E-05,1.07E-08,2.30E-09,4.97E-10,
3.14E-05,3.53E-05,3.87E-05,9.00E-05,3.28E-05,6.07E-05,3.28E-05,4.36E-05,3.47E-05,2.89E-05,3.44E-05,1.19E-05,8.51E-05,1.76E-05,4.30E-05,2.37E-05,7.82E-05,5.96E-05,1.43E-05,9.21E-05,9.38E-05,2.81E-05,3.38E-05,5.12E-05,3.23E-05,2.12E-05,3.09E-05,3.75E-05,2.23E-05,2.71E-05,3.18E-05,3.55E-09,2.24E-09,1.41E-09,
1.90E-05,1.44E-05,2.54E-05,9.00E-05,3.10E-05,3.70E-05,3.28E-05,9.51E-06,2.40E-05,4.54E-05,1.91E-05,1.19E-05,3.93E-05,1.32E-05,4.30E-05,1.77E-05,0.000186246,5.96E-05,9.40E-06,9.21E-05,5.38E-05,1.69E-05,2.50E-05,1.57E-05,3.23E-05,2.04E-05,3.09E-05,3.99E-05,1.60E-05,1.44E-05,2.18E-05,3.55E-09,2.38E-09,1.59E-09,
6.34E-05,1.73E-05,5.70E-05,6.45E-05,1.28E-05,0.00012555,5.81E-05,7.14E-05,6.85E-05,6.07E-05,6.71E-05,2.08E-05,4.45E-05,1.46E-05,7.82E-05,2.12E-05,7.82E-05,4.17E-05,1.07E-05,5.68E-05,4.70E-05,4.13E-05,5.58E-05,5.23E-05,9.70E-05,4.88E-05,2.17E-05,1.83E-05,5.10E-05,1.86E-05,7.92E-05,1.74E-09,7.63E-10,3.35E-10,
2.08E-05,4.99E-05,1.97E-05,7.33E-05,2.02E-05,3.70E-05,9.87E-06,1.96E-05,1.46E-05,3.94E-05,2.21E-05,1.63E-05,0.000178427,1.05E-05,1.56E-05,4.11E-05,0.000186725,3.92E-05,1.55E-05,7.50E-05,0.000111841,1.51E-05,1.39E-05,6.93E-05,1.62E-05,1.67E-05,1.21E-05,6.26E-05,2.40E-05,3.27E-05,6.08E-05,1.54E-09,2.45E-09,3.92E-09,
2.91E-05,3.08E-05,4.56E-05,5.18E-05,3.26E-05,4.37E-05,2.48E-05,3.00E-05,2.35E-05,3.57E-05,2.93E-05,1.19E-05,5.68E-05,3.43E-05,2.40E-05,2.68E-05,0.000199715,3.45E-05,4.35E-05,5.68E-05,5.88E-05,0.000115453,6.58E-05,0.000393476,5.85E-05,3.73E-05,2.60E-05,5.32E-05,2.61E-05,2.86E-05,6.97E-05,1.19E-09,1.84E-09,2.83E-09,
2.48E-05,1.57E-05,3.38E-05,2.66E-05,1.87E-05,3.71E-05,1.75E-05,2.46E-05,2.17E-05,3.12E-05,2.58E-05,7.16E-06,4.03E-05,2.02E-05,2.23E-05,1.95E-05,8.23E-05,7.16E-05,2.03E-05,2.84E-05,7.01E-05,3.13E-05,2.12E-05,0.000129684,2.08E-05,3.66E-05,6.37E-06,2.64E-05,1.72E-05,1.28E-05,2.28E-05,5.13E-09,1.89E-09,6.97E-10,
1.05E-05,8.04E-06,2.54E-05,5.85E-05,1.70E-05,6.41E-05,1.38E-05,1.42E-05,1.29E-05,5.34E-05,1.43E-05,7.59E-06,3.30E-05,6.66E-06,2.89E-05,1.95E-05,8.23E-05,7.89E-05,2.71E-05,5.29E-05,4.17E-05,1.63E-05,1.42E-05,4.42E-05,4.15E-05,1.45E-05,1.63E-05,3.84E-05,1.29E-05,1.27E-05,1.16E-05,6.23E-09,3.03E-09,1.47E-09,
2.89E-05,1.10E-05,4.77E-05,5.85E-05,2.58E-05,8.23E-05,3.46E-05,3.99E-05,5.77E-05,5.43E-05,3.38E-05,1.07E-05,3.52E-05,8.74E-05,5.96E-05,2.16E-05,8.23E-05,4.52E-05,1.44E-05,5.29E-05,0.000181337,3.68E-05,3.54E-05,2.44E-05,5.16E-05,5.79E-05,2.05E-05,3.40E-05,5.04E-05,2.88E-05,3.44E-05,2.04E-09,1.54E-09,1.16E-09,
1.64E-05,1.16E-05,3.75E-05,1.96E-05,2.29E-05,3.15E-05,1.64E-05,1.39E-05,3.07E-05,4.56E-05,2.46E-05,6.46E-06,7.83E-05,3.92E-05,2.18E-05,3.47E-05,0.000126743,3.80E-05,2.56E-05,1.91E-05,7.94E-05,4.33E-05,1.77E-05,4.50E-05,5.85E-05,4.66E-05,2.65E-05,3.62E-05,2.07E-05,1.78E-05,2.07E-05,1.44E-09,1.38E-09,1.31E-09,
0.000103875,2.21E-05,0.00019215,3.20E-05,6.04E-05,7.44E-05,3.69E-05,0.000147493,0.000130228,5.15E-05,0.000105718,1.74E-05,4.15E-05,6.19E-05,5.35E-05,3.47E-05,0.000169097,4.12E-05,2.07E-05,3.14E-05,0.000125006,5.75E-05,3.04E-05,5.71E-05,0.000100497,0.00015762,1.56E-05,2.23E-05,7.41E-05,1.44E-05,0.000153055,1.70E-09,9.19E-10,4.97E-10,
1.88E-05,1.06E-05,2.08E-05,4.37E-05,1.72E-05,2.49E-05,1.33E-05,2.09E-05,1.65E-05,2.55E-05,1.47E-05,8.21E-06,2.43E-05,2.08E-05,2.67E-05,3.47E-05,0.000109945,2.82E-05,2.30E-05,4.53E-05,4.82E-05,1.37E-05,9.02E-06,2.56E-05,4.83E-05,2.88E-05,8.29E-06,2.23E-05,2.28E-05,1.21E-05,2.00E-05,7.95E-10,6.29E-10,4.97E-10,
2.63E-05,2.26E-05,3.35E-05,3.74E-05,1.55E-05,5.83E-05,1.74E-05,3.11E-05,3.60E-05,2.50E-05,2.23E-05,1.39E-05,2.41E-05,1.19E-05,2.52E-05,3.11E-05,4.98E-05,2.82E-05,2.30E-05,3.71E-05,0.000103128,2.79E-05,1.98E-05,0.000164646,4.15E-05,3.64E-05,5.33E-06,2.43E-05,2.84E-05,2.13E-05,1.74E-05,7.95E-10,6.85E-10,5.90E-10,
1.85E-05,1.00E-05,3.02E-05,5.18E-05,2.19E-05,3.27E-05,1.07E-05,2.35E-05,2.60E-05,3.74E-05,3.69E-05,7.46E-06,2.63E-05,2.58E-05,1.00E-05,1.52E-05,6.00E-05,7.04E-05,2.68E-05,4.46E-05,6.40E-05,4.67E-05,2.60E-05,7.98E-05,2.39E-05,2.05E-05,6.24E-06,4.45E-05,2.89E-05,1.30E-05,2.40E-05,4.96E-09,3.13E-09,1.98E-09,
1.52E-05,9.01E-06,1.82E-05,5.39E-05,2.17E-05,4.40E-05,3.39E-05,1.86E-05,2.12E-05,2.81E-05,1.15E-05,1.44E-05,1.69E-05,3.28E-05,4.19E-05,3.16E-05,3.94E-05,4.71E-05,1.37E-05,5.15E-05,3.61E-05,4.24E-05,1.56E-05,5.12E-05,3.39E-05,2.85E-05,3.45E-05,2.61E-05,2.09E-05,1.50E-05,1.31E-05,2.22E-09,1.23E-09,6.81E-10,
1.39E-05,2.69E-05,1.80E-05,4.54E-05,3.09E-05,3.90E-05,2.04E-05,1.78E-05,1.72E-05,3.52E-05,2.84E-05,8.85E-06,5.37E-05,5.36E-05,2.59E-05,3.79E-05,5.56E-05,2.02E-05,8.91E-05,4.84E-05,5.13E-05,5.46E-05,1.54E-05,3.47E-05,2.10E-05,2.95E-05,1.41E-05,2.17E-05,3.04E-05,1.69E-05,1.77E-05,4.08E-10,4.38E-10,4.71E-10,
1.91E-05,3.00E-05,3.14E-05,0.000477355,2.01E-05,8.08E-05,4.91E-05,3.59E-05,2.76E-05,5.47E-05,2.09E-05,1.77E-05,2.42E-05,2.66E-05,8.52E-05,2.04E-05,4.76E-05,6.48E-05,1.79E-05,0.000488752,9.14E-05,3.00E-05,2.16E-05,2.30E-05,6.05E-05,3.09E-05,4.02E-05,1.62E-05,2.46E-05,1.88E-05,3.16E-05,4.20E-09,1.05E-09,2.62E-10,
2.05E-05,1.95E-05,3.19E-05,0.000159423,1.92E-05,2.68E-05,1.29E-05,2.90E-05,1.42E-05,3.73E-05,3.93E-05,1.02E-05,4.13E-05,5.49E-05,2.00E-05,1.63E-05,4.65E-05,1.14E-05,1.79E-05,0.000137896,8.95E-05,3.61E-05,4.02E-05,2.55E-05,2.72E-05,3.56E-05,1.15E-05,5.86E-05,3.05E-05,1.99E-05,9.27E-06,1.30E-10,6.68E-10,3.43E-09,
1.34E-05,6.05E-06,6.46E-05,8.35E-05,1.52E-05,4.59E-05,7.48E-05,1.39E-05,1.67E-05,2.79E-05,1.30E-05,2.13E-05,4.60E-05,1.10E-05,0.000120522,2.77E-05,9.44E-05,3.59E-05,1.79E-05,7.96E-05,3.38E-05,3.43E-05,1.66E-05,1.97E-05,7.58E-05,3.05E-05,0.000102363,3.15E-05,2.05E-05,2.21E-05,1.28E-05,1.29E-09,1.13E-09,9.92E-10,
3.86E-05,3.40E-05,6.70E-05,7.92E-05,4.15E-05,3.85E-05,2.15E-05,4.38E-05,4.18E-05,6.05E-05,3.66E-05,1.23E-05,7.29E-05,6.15E-05,4.82E-05,4.85E-05,6.06E-05,5.20E-05,3.03E-05,6.33E-05,4.69E-05,3.65E-05,4.17E-05,8.43E-05,4.23E-05,5.28E-05,5.58E-05,4.62E-05,4.13E-05,2.07E-05,5.19E-05,2.70E-09,2.40E-09,2.13E-09,
2.79E-05,1.26E-05,3.91E-05,6.90E-05,1.73E-05,4.41E-05,3.33E-05,3.14E-05,2.62E-05,3.62E-05,2.40E-05,8.79E-06,2.60E-05,2.90E-05,5.46E-05,2.65E-05,6.02E-05,4.83E-05,2.22E-05,6.12E-05,2.64E-05,3.32E-05,3.29E-05,4.93E-05,2.89E-05,2.91E-05,2.26E-05,5.90E-05,2.47E-05,1.42E-05,2.58E-05,2.33E-09,2.85E-09,3.48E-09,
2.18E-05,1.93E-05,1.88E-05,5.78E-05,2.39E-05,5.17E-05,6.03E-05,2.10E-05,1.86E-05,7.26E-05,1.64E-05,1.43E-05,3.72E-05,2.71E-05,0.000123117,2.39E-05,2.40E-05,3.07E-05,4.15E-05,4.72E-05,2.96E-05,1.91E-05,1.33E-05,8.56E-05,6.98E-05,2.45E-05,7.15E-05,2.64E-05,1.62E-05,1.82E-05,2.12E-05,9.42E-10,8.10E-10,6.97E-10,
2.61E-05,8.73E-06,2.82E-05,7.66E-05,2.75E-05,2.07E-05,6.03E-05,2.45E-05,1.69E-05,1.63E-05,2.14E-05,1.10E-05,4.20E-05,1.94E-05,2.25E-05,2.98E-05,5.79E-05,3.89E-05,2.88E-05,5.77E-05,3.35E-05,2.25E-05,1.25E-05,2.07E-05,1.84E-05,2.83E-05,1.15E-05,3.43E-05,2.22E-05,3.57E-05,2.36E-05,1.51E-09,1.33E-09,1.18E-09,
9.19E-05,1.35E-05,0.000111073,0.000175054,2.25E-05,4.35E-05,5.69E-05,5.51E-05,7.51E-05,5.46E-05,6.18E-05,2.85E-05,4.20E-05,7.56E-05,6.43E-05,3.27E-05,5.40E-05,2.81E-05,1.21E-05,0.000161994,7.64E-05,5.22E-05,5.66E-05,3.78E-05,7.66E-05,5.74E-05,0.000118839,3.43E-05,5.92E-05,1.73E-05,5.99E-05,7.90E-10,9.64E-10,1.18E-09,
6.19E-05,5.47E-05,6.93E-05,0.000175054,3.01E-05,5.28E-05,6.61E-05,7.66E-05,6.45E-05,9.52E-05,5.61E-05,2.12E-05,3.24E-05,0.000265046,6.21E-05,2.48E-05,3.11E-05,5.83E-05,1.05E-05,0.000161994,5.11E-05,6.15E-05,4.91E-05,0.00010837,6.65E-05,8.22E-05,0.00010659,3.43E-05,6.18E-05,3.33E-05,7.13E-05,3.40E-09,2.00E-09,1.18E-09,
0.000145234,0.000205959,0.000134197,7.84E-05,6.74E-05,0.000193662,0.000134305,0.000187897,0.000146818,0.000116407,5.61E-05,4.66E-05,6.99E-05,6.63E-05,0.000136497,2.48E-05,8.60E-05,2.54E-05,2.67E-05,8.57E-05,0.000113947,0.000124725,0.000138329,0.000184832,0.000141498,0.000120003,0.000132133,3.43E-05,0.000108861,3.07E-05,6.76E-05,6.45E-10,8.71E-10,1.18E-09,
5.21E-05,2.11E-05,6.27E-05,7.51E-05,3.83E-05,5.15E-05,2.58E-05,6.40E-05,7.26E-05,6.51E-05,6.79E-05,1.04E-05,7.27E-05,4.84E-05,2.76E-05,7.81E-05,4.29E-05,4.47E-05,1.72E-05,7.57E-05,9.92E-05,4.33E-05,6.93E-05,0.000125377,2.72E-05,8.76E-05,5.18E-05,3.43E-05,5.31E-05,2.16E-05,6.16E-05,2.00E-09,1.53E-09,1.18E-09,
3.95E-05,1.57E-05,4.92E-05,0.000107217,2.60E-05,7.22E-05,3.75E-05,2.50E-05,3.57E-05,4.44E-05,4.27E-05,1.04E-05,7.27E-05,6.00E-05,4.68E-05,3.71E-05,0.000100407,1.78E-05,1.63E-05,9.14E-05,6.43E-05,3.83E-05,2.83E-05,5.46E-05,4.30E-05,4.64E-05,2.40E-05,3.43E-05,3.15E-05,1.53E-05,4.44E-05,3.17E-10,6.11E-10,1.18E-09,
6.33E-05,1.32E-05,7.14E-05,0.000107217,2.79E-05,0.000114566,5.88E-05,7.27E-05,5.48E-05,5.72E-05,5.51E-05,2.19E-05,5.49E-05,0.000130155,7.99E-05,3.54E-05,0.000124603,3.08E-05,1.85E-05,9.14E-05,6.20E-05,7.08E-05,4.98E-05,3.69E-05,6.80E-05,6.58E-05,4.59E-05,3.01E-05,5.59E-05,2.41E-05,6.92E-05,9.49E-10,9.27E-10,9.06E-10,
6.04E-05,4.96E-05,7.09E-05,5.62E-05,2.48E-05,3.74E-05,3.40E-05,6.66E-05,6.36E-05,5.46E-05,9.54E-05,1.40E-05,4.07E-05,4.59E-05,3.77E-05,3.54E-05,6.47E-05,2.07E-05,1.51E-05,5.57E-05,5.45E-05,5.39E-05,5.71E-05,5.93E-05,2.35E-05,5.91E-05,2.03E-05,3.34E-05,4.00E-05,1.31E-05,8.32E-05,4.28E-10,6.91E-10,1.12E-09,
8.36E-05,2.88E-05,6.41E-05,5.26E-05,2.76E-05,4.75E-05,5.60E-05,9.33E-05,5.43E-05,5.95E-05,7.53E-05,2.02E-05,5.33E-05,8.88E-05,5.12E-05,0.000102133,6.58E-05,6.80E-05,6.76E-05,4.81E-05,0.000109168,3.84E-05,7.00E-05,4.85E-05,3.66E-05,5.83E-05,4.12E-05,2.46E-05,6.38E-05,3.15E-05,6.34E-05,4.62E-09,1.67E-09,6.05E-10,
3.06E-05,5.41E-05,3.50E-05,0.000157094,2.74E-05,4.78E-05,6.32E-05,4.47E-05,2.81E-05,9.18E-05,5.59E-05,1.61E-05,4.42E-05,0.000121997,4.35E-05,2.12E-05,4.07E-05,6.35E-05,2.66E-05,0.000149058,4.22E-05,2.96E-05,2.70E-05,8.40E-05,6.29E-05,4.00E-05,3.71E-05,4.19E-05,3.38E-05,1.32E-05,4.98E-05,4.03E-09,2.66E-09,1.76E-09,
3.71E-05,4.42E-05,5.85E-05,6.25E-05,2.43E-05,1.86E-05,1.58E-05,5.12E-05,2.77E-05,4.17E-05,4.39E-05,1.61E-05,3.90E-05,1.16E-05,1.82E-05,3.43E-05,7.83E-05,3.54E-05,2.66E-05,5.87E-05,6.43E-05,5.64E-05,3.87E-05,5.30E-05,1.35E-05,3.42E-05,4.01E-06,4.56E-05,3.51E-05,1.27E-05,5.88E-05,1.25E-09,1.61E-09,2.08E-09,
3.19E-05,9.81E-06,0.000104091,2.56E-05,1.61E-05,2.42E-05,3.14E-05,4.95E-05,3.45E-05,5.69E-05,4.63E-05,7.02E-06,2.69E-05,3.51E-05,1.72E-05,3.68E-05,4.87E-05,1.81E-05,1.61E-05,2.69E-05,7.44E-05,2.61E-05,4.24E-05,3.89E-05,1.68E-05,5.71E-05,3.56E-05,2.49E-05,2.96E-05,1.00E-05,8.37E-05,3.28E-10,4.51E-10,6.20E-10,
5.33E-05,3.84E-05,5.75E-05,3.25E-05,2.78E-05,4.32E-05,1.30E-05,4.95E-05,3.92E-05,6.21E-05,4.80E-05,5.00E-06,6.50E-05,5.04E-05,1.38E-05,3.58E-05,5.40E-05,2.58E-05,5.30E-05,2.90E-05,4.61E-05,3.86E-05,4.10E-05,4.64E-05,1.27E-05,9.73E-05,6.14E-06,4.34E-05,3.05E-05,2.48E-05,4.90E-05,6.66E-10,1.12E-09,1.88E-09,
4.23E-05,1.34E-05,7.51E-05,3.27E-05,2.68E-05,4.50E-05,1.65E-05,7.45E-05,6.40E-05,5.00E-05,6.37E-05,7.95E-06,3.81E-05,9.71E-05,2.26E-05,3.13E-05,4.12E-05,2.19E-05,1.57E-05,2.78E-05,8.26E-05,6.54E-05,2.58E-05,5.47E-05,1.95E-05,7.22E-05,1.09E-05,1.75E-05,4.53E-05,3.53E-05,5.89E-05,4.80E-10,3.83E-10,3.06E-10,
4.68E-05,2.29E-05,4.43E-05,5.21E-05,1.75E-05,3.09E-05,2.70E-05,5.15E-05,3.37E-05,3.66E-05,4.39E-05,1.06E-05,3.50E-05,1.23E-05,4.02E-05,4.98E-05,7.28E-05,5.31E-05,3.21E-05,4.12E-05,4.74E-05,2.73E-05,2.87E-05,3.32E-05,2.64E-05,5.13E-05,2.27E-05,5.42E-05,3.21E-05,2.11E-05,4.24E-05,2.82E-09,2.88E-09,2.94E-09,
2.16E-05,1.90E-05,4.39E-05,5.21E-05,1.62E-05,2.53E-05,1.53E-05,3.04E-05,1.70E-05,3.14E-05,3.53E-05,3.03E-06,3.07E-05,2.77E-05,1.40E-05,2.80E-05,7.25E-05,2.53E-05,6.68E-06,4.12E-05,6.58E-05,1.71E-05,3.72E-05,3.04E-05,2.13E-05,2.45E-05,5.75E-06,4.46E-05,2.87E-05,2.06E-05,3.20E-05,6.40E-10,1.13E-09,1.99E-09,
2.23E-05,1.13E-05,3.29E-05,6.23E-05,1.62E-05,2.29E-05,1.71E-05,2.71E-05,1.80E-05,3.46E-05,2.51E-05,7.77E-06,2.27E-05,2.17E-05,2.59E-05,3.79E-05,7.09E-05,2.14E-05,6.68E-06,5.65E-05,4.14E-05,2.56E-05,3.20E-05,2.57E-05,1.77E-05,2.95E-05,1.52E-05,2.72E-05,5.23E-05,3.49E-05,2.49E-05,4.58E-10,5.82E-10,7.40E-10,
5.00E-05,1.02E-05,6.60E-05,4.89E-05,2.69E-05,3.42E-05,1.33E-05,7.34E-05,2.72E-05,2.59E-05,4.10E-05,7.13E-06,5.45E-05,1.48E-05,2.40E-05,2.60E-05,5.89E-05,2.55E-05,3.78E-05,4.47E-05,7.00E-05,6.58E-05,4.35E-05,3.08E-05,1.48E-05,4.32E-05,7.39E-06,1.72E-05,3.01E-05,2.26E-05,4.28E-05,6.50E-10,4.39E-10,2.96E-10,
2.04E-05,2.24E-05,4.34E-05,6.29E-05,3.55E-05,3.23E-05,2.33E-05,3.04E-05,2.67E-05,3.83E-05,3.14E-05,8.92E-06,2.14E-05,1.96E-05,2.15E-05,4.29E-05,4.95E-05,1.79E-05,9.99E-06,5.51E-05,4.52E-05,0.000473225,3.46E-05,0.000159659,1.52E-05,4.27E-05,9.76E-06,3.28E-05,2.06E-05,1.59E-05,4.48E-05,3.20E-10,5.87E-10,1.08E-09,
1.62E-05,2.63E-05,0.000239883,8.11E-05,1.99E-05,3.45E-05,1.82E-05,3.27E-05,1.63E-05,1.36E-05,1.39E-05,4.17E-06,1.96E-05,1.11E-05,2.14E-05,2.61E-05,1.98E-05,2.49E-05,6.96E-06,7.73E-05,4.61E-05,5.07E-05,2.50E-05,2.37E-05,1.12E-05,2.21E-05,2.57E-05,4.29E-05,1.60E-05,1.26E-05,1.87E-05,6.20E-10,1.07E-09,1.84E-09,
1.62E-05,2.63E-05,0.000239883,8.11E-05,1.99E-05,3.45E-05,1.82E-05,3.27E-05,1.63E-05,1.36E-05,1.39E-05,4.17E-06,1.96E-05,1.11E-05,2.14E-05,2.61E-05,1.98E-05,2.49E-05,6.96E-06,1.07E-05,4.61E-05,5.07E-05,2.50E-05,2.37E-05,1.12E-05,2.21E-05,2.57E-05,4.29E-05,1.60E-05,1.26E-05,1.87E-05,6.20E-10,1.07E-09,1.84E-09,
1.91E-05,8.80E-06,1.96E-05,8.11E-05,1.79E-05,1.24E-05,1.70E-05,1.35E-05,1.05E-05,2.82E-05,1.74E-05,5.30E-06,3.95E-05,1.51E-05,1.30E-05,3.46E-05,6.31E-05,1.93E-05,6.20E-06,1.07E-05,4.52E-05,1.85E-05,1.06E-05,5.54E-05,2.00E-05,1.76E-05,5.59E-06,4.90E-05,1.17E-05,1.26E-05,1.47E-05,3.72E-10,9.46E-10,2.40E-09,
2.13E-05,1.05E-05,2.39E-05,2.97E-05,1.63E-05,3.19E-05,1.39E-05,1.81E-05,1.28E-05,2.52E-05,1.47E-05,9.07E-06,2.67E-05,2.83E-05,2.44E-05,2.44E-05,4.23E-05,1.69E-05,1.14E-05,3.15E-05,4.89E-05,0.000149829,4.95E-05,5.60E-05,1.02E-05,2.22E-05,6.65E-06,1.75E-05,1.38E-05,2.92E-05,2.08E-05,2.86E-10,2.96E-10,3.06E-10,
1.88E-05,1.77E-05,2.93E-05,3.83E-05,2.17E-05,3.88E-05,1.97E-05,2.07E-05,2.39E-05,1.88E-05,1.81E-05,1.07E-05,2.51E-05,0.000116088,2.50E-05,4.86E-05,4.39E-05,1.58E-05,1.46E-05,4.39E-05,3.54E-05,3.89E-05,2.02E-05,2.72E-05,2.51E-05,4.62E-05,2.28E-05,2.81E-05,1.37E-05,1.41E-05,2.03E-05,2.50E-10,4.44E-10,7.90E-10,
5.59E-05,1.15E-05,7.15E-05,4.28E-05,3.11E-05,3.65E-05,3.71E-05,5.98E-05,5.38E-05,7.12E-05,6.32E-05,1.12E-05,4.04E-05,3.91E-05,3.82E-05,2.06E-05,4.44E-05,1.66E-05,1.89E-05,3.34E-05,5.23E-05,4.43E-05,5.33E-05,5.09E-05,3.05E-05,6.48E-05,2.20E-05,2.73E-05,3.68E-05,1.52E-05,6.34E-05,2.76E-10,4.53E-10,7.45E-10,
1.95E-05,1.48E-05,3.04E-05,3.48E-05,2.68E-05,6.11E-05,1.86E-05,2.82E-05,3.21E-05,3.33E-05,2.68E-05,1.65E-05,2.27E-05,3.40E-05,2.25E-05,3.95E-05,5.30E-05,3.03E-05,9.72E-06,3.25E-05,0.00022293,4.94E-05,4.01E-06,3.02E-05,1.91E-05,4.43E-05,1.02E-05,3.76E-05,1.94E-05,3.32E-05,2.50E-05,9.18E-10,1.14E-09,1.41E-09,
1.82E-05,2.28E-05,3.23E-05,3.94E-05,2.09E-05,3.19E-05,1.88E-05,2.62E-05,1.60E-05,2.53E-05,2.55E-05,5.66E-06,2.34E-05,2.93E-05,9.22E-06,2.67E-05,5.51E-05,3.21E-05,9.72E-06,3.33E-05,6.86E-05,1.89E-05,1.74E-05,2.53E-05,1.60E-05,1.48E-05,4.06E-06,1.73E-05,1.78E-05,2.10E-05,2.20E-05,1.03E-09,5.55E-10,2.99E-10,
1.26E-05,3.31E-05,2.87E-05,2.95E-05,9.87E-06,2.99E-05,1.20E-05,1.44E-05,1.87E-05,1.84E-05,1.89E-05,5.46E-06,3.72E-05,1.40E-05,1.35E-05,2.39E-05,7.96E-05,3.07E-05,2.61E-05,2.76E-05,0.000100742,1.90E-05,2.26E-05,1.70E-05,1.75E-05,2.82E-05,5.30E-06,4.82E-05,1.99E-05,1.76E-05,1.28E-05,9.42E-10,1.48E-09,2.32E-09,
1.41E-05,8.06E-06,2.35E-05,6.81E-05,2.27E-05,0.000153426,1.73E-05,1.13E-05,1.49E-05,2.23E-05,2.05E-05,1.18E-05,2.55E-05,2.81E-05,2.02E-05,4.65E-05,9.63E-05,4.25E-05,8.96E-06,4.70E-05,6.59E-05,1.85E-05,1.64E-05,2.22E-05,2.14E-05,2.95E-05,5.92E-06,2.04E-05,2.07E-05,1.32E-05,1.29E-05,1.81E-09,8.67E-10,4.16E-10,
1.60E-05,9.48E-06,4.05E-05,3.27E-05,1.48E-05,4.00E-05,2.45E-05,1.53E-05,1.85E-05,2.76E-05,2.46E-05,8.66E-06,6.22E-05,2.15E-05,2.56E-05,3.85E-05,5.99E-05,3.46E-05,9.47E-06,2.97E-05,9.78E-05,2.42E-05,2.33E-05,1.82E-05,2.19E-05,2.46E-05,1.16E-05,2.42E-05,1.80E-05,1.69E-05,1.84E-05,1.20E-09,8.37E-10,5.86E-10,
2.45E-05,9.24E-06,0.000125786,4.90E-05,1.93E-05,9.78E-05,1.34E-05,2.30E-05,2.51E-05,2.97E-05,1.65E-05,6.48E-06,3.28E-05,1.80E-05,1.59E-05,5.11E-05,1.84E-05,1.82E-05,3.22E-05,4.34E-05,4.40E-05,1.82E-05,1.64E-05,2.01E-05,1.84E-05,2.83E-05,1.44E-05,2.47E-05,2.40E-05,1.38E-05,2.39E-05,3.31E-10,4.50E-10,6.10E-10,
1.65E-05,9.52E-06,2.99E-05,2.86E-05,1.93E-05,2.35E-05,9.96E-06,1.55E-05,1.18E-05,6.99E-05,2.45E-05,3.87E-06,7.62E-05,1.79E-05,6.87E-06,3.49E-05,4.38E-05,1.44E-05,1.02E-05,3.13E-05,4.06E-05,1.21E-05,2.18E-05,2.11E-05,8.33E-06,1.95E-05,5.94E-06,5.13E-05,1.38E-05,2.92E-05,1.36E-05,2.07E-10,7.39E-10,2.63E-09,
9.09E-06,1.02E-05,2.11E-05,2.86E-05,6.32E-06,5.86E-05,1.18E-05,1.25E-05,1.99E-05,2.62E-05,1.30E-05,4.37E-06,5.19E-05,6.95E-05,1.48E-05,3.84E-05,6.34E-05,2.43E-05,1.20E-05,3.13E-05,2.71E-05,2.44E-05,1.90E-05,1.71E-05,1.55E-05,2.46E-05,1.20E-05,3.93E-05,1.36E-05,1.20E-05,1.27E-05,5.90E-10,9.55E-10,1.54E-09,
2.33E-05,1.43E-05,2.78E-05,3.03E-05,1.64E-05,8.45E-05,1.94E-05,2.40E-05,2.16E-05,4.20E-05,2.70E-05,7.37E-06,8.14E-05,8.04E-05,2.17E-05,2.62E-05,0.000114506,1.76E-05,2.09E-05,2.77E-05,3.96E-05,1.91E-05,2.04E-05,5.83E-05,1.89E-05,4.56E-05,1.40E-05,3.40E-05,2.09E-05,1.61E-05,2.74E-05,3.10E-10,5.98E-10,1.16E-09,
2.33E-05,2.94E-05,3.34E-05,4.03E-05,9.13E-06,2.83E-05,1.18E-05,2.11E-05,2.38E-05,2.51E-05,2.46E-05,4.19E-06,9.91E-05,9.27E-06,1.56E-05,7.69E-05,5.98E-05,1.00E-05,5.64E-05,3.70E-05,4.17E-05,2.14E-05,2.54E-05,3.18E-05,1.10E-05,3.45E-05,8.43E-06,2.51E-05,1.73E-05,2.31E-05,2.08E-05,1.00E-10,2.51E-10,6.30E-10,
3.93E-05,1.57E-05,4.65E-05,3.92E-05,1.11E-05,2.83E-05,8.64E-06,4.66E-05,1.95E-05,6.35E-05,1.78E-05,3.86E-06,2.86E-05,3.16E-05,8.85E-06,5.52E-05,2.65E-05,9.95E-06,2.93E-05,4.02E-05,4.48E-05,5.11E-05,2.58E-05,4.20E-05,8.32E-06,4.08E-05,9.36E-06,3.20E-05,2.50E-05,1.95E-05,2.79E-05,9.90E-11,3.18E-10,1.02E-09,
2.20E-05,7.10E-06,4.78E-05,2.59E-05,1.43E-05,3.21E-05,6.74E-06,2.42E-05,2.32E-05,2.22E-05,3.80E-05,3.43E-06,4.91E-05,2.70E-05,1.25E-05,2.07E-05,5.65E-05,9.95E-06,2.01E-05,2.30E-05,4.64E-05,2.29E-05,2.58E-05,3.91E-05,7.94E-06,2.83E-05,5.44E-06,3.16E-05,3.32E-05,2.20E-05,2.45E-05,9.90E-11,3.14E-10,9.99E-10,
1.64E-05,1.11E-05,1.80E-05,2.44E-05,1.35E-05,3.33E-05,1.55E-05,1.71E-05,2.16E-05,4.34E-05,4.91E-05,1.01E-05,3.52E-05,3.63E-05,1.54E-05,6.03E-05,0.000183406,2.80E-05,2.37E-05,1.93E-05,4.63E-05,1.90E-05,2.22E-05,2.83E-05,1.51E-05,2.69E-05,7.44E-06,1.45E-05,3.27E-05,2.46E-05,2.11E-05,7.84E-10,4.06E-10,2.10E-10,
2.55E-05,4.14E-05,5.38E-05,1.56E-05,1.46E-05,3.33E-05,2.43E-05,6.05E-05,2.78E-05,6.48E-05,2.94E-05,6.31E-06,2.19E-05,2.40E-05,4.74E-05,3.98E-05,0.000101584,2.48E-05,3.86E-05,1.27E-05,0.000116231,2.74E-05,2.06E-05,5.80E-05,4.88E-05,3.29E-05,2.84E-05,1.71E-05,2.12E-05,2.14E-05,3.99E-05,6.15E-10,4.24E-10,2.92E-10,
5.27E-05,5.67E-05,5.79E-05,2.30E-05,2.02E-05,3.24E-05,1.29E-05,8.09E-05,3.39E-05,6.58E-05,3.25E-05,9.71E-06,5.05E-05,2.15E-05,2.87E-05,6.41E-05,8.76E-05,4.22E-05,9.00E-05,2.11E-05,0.000112755,4.11E-05,5.19E-05,3.67E-05,2.53E-05,3.81E-05,9.07E-06,2.69E-05,2.82E-05,2.84E-05,4.87E-05,1.78E-09,1.14E-09,7.24E-10,
2.53E-05,1.99E-05,4.19E-05,2.29E-05,1.61E-05,3.23E-05,8.20E-06,3.44E-05,2.84E-05,5.26E-05,4.66E-05,5.22E-06,2.57E-05,1.82E-05,1.59E-05,3.74E-05,7.62E-05,1.85E-05,2.19E-05,2.21E-05,6.24E-05,2.70E-05,2.46E-05,4.31E-05,8.93E-06,3.24E-05,6.92E-06,7.15E-05,2.70E-05,1.65E-05,3.67E-05,3.42E-10,1.32E-09,5.11E-09,
8.17E-06,2.23E-05,1.65E-05,2.30E-05,1.61E-05,2.78E-05,8.01E-06,1.28E-05,1.24E-05,3.39E-05,1.47E-05,3.86E-06,4.05E-05,9.57E-06,1.24E-05,4.61E-05,6.99E-05,2.54E-05,1.03E-05,0,5.83E-05,1.68E-05,1.20E-05,1.84E-05,2.04E-05,1.36E-05,9.92E-06,3.99E-05,1.57E-05,2.16E-05,2.04E-05,6.45E-10,1.01E-09,1.59E-09,
1.31E-05,2.43E-05,2.11E-05,3.62E-05,1.53E-05,5.85E-05,6.08E-06,9.10E-06,2.27E-05,2.02E-05,1.38E-05,6.58E-06,3.69E-05,7.17E-06,5.82E-06,4.20E-05,0.000372707,5.47E-05,3.34E-05,3.73E-05,3.67E-05,1.33E-05,1.42E-05,2.25E-05,1.15E-05,1.91E-05,5.01E-06,1.91E-05,1.99E-05,2.97E-05,1.08E-05,2.99E-09,1.04E-09,3.65E-10,
1.54E-05,1.15E-05,1.94E-05,1.62E-05,1.29E-05,3.71E-05,6.95E-06,1.81E-05,1.15E-05,2.27E-05,2.58E-05,4.59E-06,2.20E-05,1.26E-05,3.76E-06,5.33E-05,8.72E-05,1.59E-05,1.37E-05,1.80E-05,2.99E-05,1.76E-05,2.90E-05,1.38E-05,9.57E-06,1.35E-05,4.28E-06,3.01E-05,1.57E-05,1.70E-05,1.80E-05,2.53E-10,4.79E-10,9.06E-10,
9.05E-06,1.27E-05,2.10E-05,1.89E-05,2.03E-05,2.83E-05,6.95E-06,8.27E-06,1.82E-05,3.90E-05,8.59E-06,1.51E-06,1.82E-05,3.54E-06,3.76E-06,2.77E-05,5.51E-05,1.73E-05,2.60E-05,1.57E-05,1.34E-05,1.25E-05,1.06E-05,1.30E-05,9.57E-06,1.04E-05,4.28E-06,1.99E-05,9.32E-06,1.40E-05,8.42E-06,2.99E-10,3.44E-10,3.96E-10,
2.09E-05,1.66E-05,2.85E-05,3.01E-05,8.87E-06,4.72E-05,4.68E-06,2.28E-05,2.06E-05,3.79E-05,2.05E-05,7.99E-06,6.79E-05,3.49E-05,5.07E-06,5.23E-05,2.09E-05,1.71E-05,2.09E-05,2.83E-05,2.82E-05,1.12E-05,1.98E-05,2.77E-05,9.57E-06,1.79E-05,4.38E-06,3.71E-05,1.49E-05,7.45E-06,1.81E-05,2.92E-10,6.34E-10,1.38E-09,
8.17E-05,1.20E-05,6.19E-05,4.07E-05,8.87E-06,2.46E-05,3.33E-05,6.98E-05,7.46E-05,4.95E-05,6.91E-05,1.09E-05,2.73E-05,0.000250595,6.16E-05,2.18E-05,7.05E-05,2.10E-05,2.18E-05,3.53E-05,2.82E-05,4.42E-05,5.06E-05,3.79E-05,4.17E-05,4.98E-05,4.15E-05,2.06E-05,3.78E-05,1.55E-05,7.05E-05,4.41E-10,4.33E-10,4.24E-10,
0.000100851,9.82E-05,8.68E-05,2.50E-05,3.41E-05,4.45E-05,4.12E-05,9.52E-05,0.000107831,8.21E-05,7.44E-05,1.49E-05,0.000103434,4.27E-05,5.40E-05,3.41E-05,0.000108662,2.78E-05,2.16E-05,2.83E-05,5.79E-05,6.07E-05,6.94E-05,5.85E-05,2.56E-05,7.65E-05,2.30E-05,2.00E-05,6.17E-05,2.10E-05,9.30E-05,7.73E-10,5.56E-10,4.00E-10,
5.47E-05,0.000111094,4.62E-05,3.51E-05,2.18E-05,1.61E-05,1.14E-05,5.22E-05,4.29E-05,3.97E-05,4.44E-05,9.19E-06,3.30E-05,7.50E-05,1.27E-05,3.76E-05,6.42E-05,2.00E-05,3.54E-05,3.41E-05,4.87E-05,3.12E-05,3.37E-05,5.52E-05,1.06E-05,4.27E-05,1.06E-05,1.54E-05,3.15E-05,1.97E-05,4.63E-05,4.00E-10,3.08E-10,2.37E-10,
3.58E-05,6.37E-05,3.88E-05,6.39E-05,1.77E-05,1.32E-05,2.13E-05,3.52E-05,3.07E-05,4.64E-05,3.83E-05,1.15E-05,1.65E-05,2.84E-05,1.96E-05,3.18E-05,0.000184555,2.03E-05,2.62E-05,5.54E-05,2.55E-05,1.58E-05,2.75E-05,2.15E-05,1.40E-05,3.39E-05,9.17E-06,2.11E-05,2.69E-05,1.13E-05,3.53E-05,4.12E-10,4.28E-10,4.45E-10,
2.20E-05,1.01E-05,2.71E-05,3.16E-05,1.76E-05,1.18E-05,1.25E-05,2.37E-05,4.93E-05,3.14E-05,3.82E-05,8.02E-06,3.06E-05,9.06E-05,6.02E-06,3.31E-05,4.17E-05,2.34E-05,7.29E-06,2.62E-05,3.23E-05,1.58E-05,2.43E-05,2.92E-05,1.63E-05,4.81E-05,9.33E-06,1.31E-05,2.79E-05,1.90E-05,2.95E-05,5.48E-10,3.07E-10,1.72E-10,
1.54E-05,2.18E-05,2.01E-05,3.98E-05,1.14E-05,1.70E-05,7.09E-06,1.55E-05,3.26E-05,1.58E-05,1.00E-05,7.03E-06,2.75E-05,9.80E-06,8.58E-06,3.62E-05,0.000105615,4.25E-05,2.17E-05,3.84E-05,6.29E-05,2.18E-05,1.44E-05,1.93E-05,7.65E-06,2.16E-05,6.57E-06,1.93E-05,1.40E-05,1.15E-05,1.43E-05,1.81E-09,8.20E-10,3.72E-10,
6.05E-05,1.42E-05,5.49E-05,2.35E-05,3.08E-05,2.50E-05,2.25E-05,6.67E-05,6.14E-05,6.48E-05,7.86E-05,9.02E-06,1.26E-05,5.01E-05,2.04E-05,3.06E-05,7.92E-05,5.07E-05,1.05E-05,2.04E-05,7.32E-05,4.12E-05,5.38E-05,3.47E-05,1.08E-05,5.26E-05,9.44E-06,9.47E-06,3.91E-05,2.10E-05,7.28E-05,2.57E-09,4.80E-10,8.97E-11,
2.80E-05,1.99E-05,3.49E-05,2.84E-05,1.53E-05,1.93E-05,9.92E-06,2.92E-05,1.80E-05,4.31E-05,5.18E-05,6.89E-06,1.66E-05,6.05E-05,1.07E-05,3.49E-05,6.30E-05,3.15E-05,6.97E-06,2.48E-05,4.39E-05,1.81E-05,3.60E-05,2.31E-05,7.60E-06,3.16E-05,4.25E-06,1.46E-05,2.59E-05,2.15E-05,3.62E-05,9.92E-10,4.60E-10,2.13E-10,
8.05E-05,1.73E-05,8.66E-05,1.39E-05,2.26E-05,2.13E-05,8.45E-05,7.25E-05,6.36E-05,7.41E-05,8.69E-05,1.78E-05,2.16E-05,7.45E-05,0.0001047,2.88E-05,7.71E-05,3.15E-05,1.01E-05,1.41E-05,5.83E-05,4.24E-05,5.19E-05,4.52E-05,6.00E-05,5.20E-05,5.17E-05,1.04E-05,4.26E-05,1.96E-05,8.51E-05,9.92E-10,3.28E-10,1.08E-10,
8.02E-05,2.51E-05,8.45E-05,2.04E-05,3.63E-05,5.62E-05,4.50E-05,0.000105491,8.60E-05,0.000325135,7.34E-05,7.39E-06,2.24E-05,3.67E-05,4.70E-05,2.55E-05,3.22E-05,6.13E-05,2.50E-05,1.43E-05,5.26E-05,5.60E-05,5.70E-05,5.88E-05,3.99E-05,8.44E-05,2.46E-05,2.31E-05,4.43E-05,2.38E-05,0.000157187,3.76E-09,1.42E-09,5.34E-10,
1.76E-05,2.90E-05,2.11E-05,2.01E-05,1.09E-05,1.43E-05,1.92E-05,1.82E-05,1.99E-05,7.58E-05,1.46E-05,6.52E-06,2.92E-05,3.33E-05,7.34E-06,2.12E-05,3.87E-05,3.99E-05,1.40E-05,2.03E-05,4.62E-05,1.98E-05,1.70E-05,1.88E-05,1.04E-05,1.84E-05,7.02E-06,2.20E-05,4.43E-05,1.33E-05,3.25E-05,1.59E-09,8.78E-10,4.84E-10,
1.98E-05,1.30E-05,3.31E-05,1.28E-05,1.80E-05,2.73E-05,8.62E-06,1.90E-05,2.63E-05,3.13E-05,3.11E-05,6.26E-06,2.91E-05,7.63E-06,5.99E-06,4.48E-05,0.000218693,2.40E-05,8.99E-06,1.30E-05,2.20E-05,1.51E-05,1.85E-05,1.40E-05,5.43E-06,2.38E-05,1.83E-06,4.84E-05,1.91E-05,1.59E-05,2.63E-05,5.76E-10,1.16E-09,2.34E-09,
1.45E-05,1.94E-05,2.15E-05,1.84E-05,1.98E-05,2.59E-05,8.11E-06,1.26E-05,1.48E-05,1.60E-05,2.38E-05,5.30E-06,2.32E-05,1.10E-05,7.62E-06,5.53E-05,0.00015706,3.69E-05,7.38E-06,1.93E-05,4.08E-05,2.05E-05,1.32E-05,1.35E-05,7.98E-06,1.84E-05,1.90E-06,2.67E-05,2.28E-05,1.86E-05,1.74E-05,1.36E-09,9.85E-10,7.13E-10,
2.07E-05,1.36E-05,1.49E-05,1.92E-05,1.64E-05,2.85E-05,8.85E-06,1.54E-05,1.74E-05,2.93E-05,3.69E-05,6.00E-06,1.64E-05,1.81E-05,6.07E-06,2.42E-05,0.000204163,3.45E-05,1.30E-05,1.50E-05,3.78E-05,1.98E-05,2.75E-05,1.62E-05,3.81E-06,1.66E-05,6.10E-06,1.82E-05,2.39E-05,1.54E-05,1.89E-05,1.19E-09,6.28E-10,3.31E-10,
3.23E-05,1.40E-05,3.14E-05,1.49E-05,1.69E-05,3.56E-05,2.44E-05,5.64E-05,1.68E-05,3.53E-05,4.41E-05,1.35E-05,2.96E-05,1.89E-05,8.89E-06,3.44E-05,8.12E-05,2.58E-05,2.42E-05,1.41E-05,3.38E-05,3.01E-05,1.84E-05,2.19E-05,4.02E-06,2.96E-05,3.22E-06,2.76E-05,2.25E-05,1.25E-05,5.50E-05,6.66E-10,7.12E-10,7.62E-10,
1.00E-05,1.14E-05,9.88E-06,2.28E-05,1.69E-05,8.74E-06,7.84E-06,1.26E-05,9.54E-06,1.49E-05,1.19E-05,6.57E-06,1.77E-05,3.94E-06,2.98E-06,2.25E-05,8.04E-05,1.97E-05,8.66E-06,2.51E-05,2.99E-05,2.03E-05,2.48E-05,2.31E-05,1.08E-05,1.16E-05,1.04E-06,4.62E-05,1.10E-05,1.41E-05,9.92E-06,3.88E-10,9.10E-10,2.13E-09,
4.25E-06,8.49E-06,7.33E-06,1.14E-05,9.25E-06,8.74E-06,3.65E-06,4.47E-06,9.54E-06,5.56E-06,1.19E-05,5.22E-06,8.61E-06,1.13E-05,3.22E-06,2.68E-05,0.000169858,9.02E-06,4.11E-06,1.05E-05,2.99E-05,2.03E-05,2.48E-05,2.31E-05,3.15E-06,8.72E-06,1.22E-06,1.65E-05,1.10E-05,9.77E-06,1.35E-06,8.14E-11,1.49E-10,2.72E-10,
4.25E-06,8.49E-06,7.33E-06,1.14E-05,9.25E-06,8.74E-06,3.65E-06,4.47E-06,9.54E-06,5.56E-06,1.19E-05,5.22E-06,8.61E-06,1.13E-05,3.22E-06,2.68E-05,0.000169858,9.02E-06,2.06E-06,1.05E-05,2.99E-05,2.03E-05,2.48E-05,2.31E-05,3.15E-06,8.72E-06,1.22E-06,2.22E-05,1.10E-05,9.77E-06,1.35E-06,8.14E-11,2.00E-10,4.93E-10,
4.25E-06,8.49E-06,7.33E-06,1.45E-05,9.25E-06,9.09E-06,3.73E-06,4.47E-06,9.54E-06,5.56E-06,1.19E-05,5.22E-06,8.61E-06,1.13E-05,5.17E-06,2.49E-05,5.01E-05,2.21E-05,9.35E-06,1.29E-05,2.99E-05,2.03E-05,2.48E-05,2.31E-05,2.91E-06,8.72E-06,5.72E-06,2.49E-05,1.10E-05,9.98E-06,1.35E-06,4.88E-10,5.50E-10,6.20E-10,
4.25E-06,1.15E-05,2.14E-05,2.11E-05,2.64E-05,3.83E-05,6.31E-06,2.27E-05,1.28E-05,1.85E-05,1.34E-05,9.24E-06,2.58E-05,7.12E-06,1.88E-05,5.65E-05,4.14E-05,2.27E-05,5.94E-06,2.10E-05,2.82E-05,1.84E-05,1.14E-05,3.12E-05,1.42E-05,2.04E-05,6.31E-06,4.18E-05,1.52E-05,9.90E-06,1.93E-05,5.15E-10,9.49E-10,1.75E-09,
2.25E-05,2.00E-05,1.49E-05,1.82E-05,9.97E-06,2.88E-05,2.13E-05,2.29E-05,2.12E-05,3.02E-05,1.47E-05,1.77E-05,3.50E-05,1.87E-05,4.58E-05,2.72E-05,5.58E-05,4.05E-05,4.23E-05,0,3.00E-05,1.10E-05,1.94E-05,7.52E-06,2.22E-05,2.04E-05,2.05E-05,6.47E-05,2.27E-05,1.45E-05,1.61E-05,1.64E-09,2.62E-09,4.19E-09,
1.52E-05,5.28E-05,4.01E-06,2.56E-05,8.96E-06,2.88E-05,1.05E-05,1.63E-05,2.12E-05,5.11E-05,1.47E-05,6.93E-06,1.07E-05,8.53E-06,1.64E-05,2.72E-05,5.41E-05,1.28E-05,4.23E-05,1.85E-05,3.00E-05,1.10E-05,1.94E-05,7.52E-06,1.49E-05,1.44E-05,1.35E-05,2.67E-05,2.27E-05,6.89E-05,4.60E-06,1.64E-10,3.42E-10,7.13E-10,
1.52E-05,5.28E-05,4.01E-06,1.40E-05,8.96E-06,2.88E-05,1.05E-05,1.63E-05,2.12E-05,5.11E-05,1.47E-05,6.93E-06,1.07E-05,8.53E-06,1.64E-05,2.72E-05,6.17E-05,1.28E-05,4.23E-05,1.12E-05,3.00E-05,1.10E-05,1.94E-05,7.52E-06,1.49E-05,1.44E-05,1.35E-05,2.67E-05,2.27E-05,6.89E-05,4.60E-06,1.64E-10,3.42E-10,7.13E-10,
1.79E-05,2.19E-05,4.01E-06,1.44E-05,1.65E-05,3.17E-05,1.58E-05,2.40E-05,9.63E-06,5.87E-05,3.16E-05,1.11E-05,3.34E-05,3.15E-05,2.27E-05,7.97E-05,6.26E-05,7.88E-05,4.23E-05,1.02E-05,2.18E-05,3.36E-05,4.30E-05,6.56E-05,3.26E-05,3.33E-05,1.75E-05,4.47E-05,2.27E-05,2.28E-05,3.13E-05,6.21E-09,3.52E-09,2.00E-09,
3.65E-05,0.000116196,3.26E-05,1.93E-05,2.88E-05,5.68E-05,4.66E-05,6.43E-05,2.77E-05,5.14E-05,4.94E-05,1.36E-05,4.35E-05,1.88E-05,4.43E-05,7.49E-05,0.000133112,8.61E-05,4.23E-05,2.05E-05,4.90E-05,2.69E-05,3.16E-05,2.31E-05,2.41E-05,3.12E-05,1.95E-05,2.38E-05,2.27E-05,3.44E-05,6.70E-05,7.41E-09,2.05E-09,5.66E-10,
3.65E-05,3.81E-05,4.35E-05,5.71E-05,2.61E-05,7.98E-05,1.02E-05,3.82E-05,2.56E-05,4.76E-05,5.88E-05,8.32E-06,4.18E-05,6.22E-05,2.54E-05,4.10E-05,0.000245772,3.09E-05,1.97E-05,3.97E-05,6.01E-05,2.69E-05,3.16E-05,2.92E-05,1.29E-05,4.18E-05,3.58E-05,6.43E-05,3.60E-05,2.17E-05,7.75E-05,9.55E-10,1.99E-09,4.13E-09,
2.98E-05,4.02E-05,5.27E-05,4.59E-05,2.04E-05,2.51E-05,1.26E-05,5.32E-05,1.94E-05,2.20E-05,5.51E-05,5.41E-06,2.83E-05,3.91E-05,2.58E-05,3.79E-05,0.000129882,2.90E-05,2.01E-05,4.64E-05,6.02E-05,3.10E-05,4.49E-05,6.31E-05,1.06E-05,3.23E-05,5.36E-06,3.02E-05,2.35E-05,2.22E-05,4.90E-05,8.41E-10,8.76E-10,9.12E-10,
5.01E-05,3.90E-05,5.73E-05,4.76E-05,1.88E-05,6.69E-05,2.69E-05,4.64E-05,2.35E-05,4.29E-05,7.15E-05,6.27E-06,4.64E-05,2.78E-05,3.09E-05,6.83E-05,0.000137251,2.57E-05,0.000105504,5.04E-05,4.62E-05,2.61E-05,3.05E-05,2.13E-05,2.16E-05,2.88E-05,3.15E-05,3.45E-05,3.36E-05,4.11E-05,5.14E-05,6.60E-10,8.87E-10,1.19E-09,
1.25E-05,3.47E-05,2.11E-05,1.75E-05,1.44E-05,3.65E-05,1.48E-05,1.79E-05,1.05E-05,2.64E-05,2.77E-05,6.36E-06,2.49E-05,1.97E-05,1.78E-05,3.44E-05,5.99E-05,1.09E-05,1.60E-05,1.62E-05,5.39E-05,1.65E-05,1.80E-05,9.54E-06,1.48E-05,2.05E-05,4.79E-06,1.87E-05,2.07E-05,2.28E-05,3.54E-05,1.19E-10,2.04E-10,3.50E-10,
2.18E-05,1.54E-05,1.76E-05,2.65E-05,1.20E-05,3.21E-05,1.50E-05,2.00E-05,1.54E-05,3.29E-05,1.48E-05,8.40E-06,1.52E-05,1.69E-05,2.39E-05,5.87E-05,4.25E-05,2.66E-05,2.58E-05,2.82E-05,3.67E-05,1.36E-05,1.62E-05,1.93E-05,2.52E-05,2.22E-05,1.65E-05,2.87E-05,1.76E-05,7.59E-06,1.82E-05,7.08E-10,7.63E-10,8.24E-10,
2.91E-05,2.63E-05,4.07E-05,2.74E-05,1.18E-05,3.16E-05,7.64E-06,2.63E-05,2.89E-05,2.40E-05,3.66E-05,8.23E-06,3.29E-05,2.48E-05,8.77E-06,3.65E-05,6.64E-05,4.03E-05,2.58E-05,0,2.23E-05,1.83E-05,2.01E-05,2.06E-05,1.66E-05,2.37E-05,1.30E-05,3.55E-05,1.99E-05,1.73E-05,3.01E-05,1.62E-09,1.43E-09,1.26E-09,
4.40E-05,2.16E-05,5.22E-05,1.89E-05,1.72E-05,3.33E-05,1.79E-05,5.46E-05,3.02E-05,3.32E-05,4.10E-05,5.14E-06,3.03E-05,2.71E-05,3.26E-05,4.43E-05,3.98E-05,3.60E-05,2.22E-05,1.60E-05,4.65E-05,3.72E-05,4.45E-05,2.18E-05,2.63E-05,4.58E-05,9.72E-06,1.58E-05,4.62E-05,1.55E-05,5.31E-05,1.30E-09,5.69E-10,2.50E-10,
2.27E-05,8.98E-06,1.79E-05,2.62E-05,2.67E-05,2.98E-05,2.53E-05,2.50E-05,1.14E-05,1.53E-05,2.34E-05,6.98E-06,3.99E-05,1.22E-05,2.30E-05,3.24E-05,4.20E-05,2.27E-05,1.18E-05,1.99E-05,8.01E-05,1.74E-05,2.28E-05,1.59E-05,3.54E-05,2.08E-05,1.08E-05,2.67E-05,1.96E-05,1.67E-05,1.99E-05,5.15E-10,6.06E-10,7.13E-10,
2.63E-05,2.34E-05,3.53E-05,1.64E-05,1.80E-05,4.12E-05,1.18E-05,2.96E-05,3.23E-05,2.35E-05,4.01E-05,2.68E-06,4.43E-05,3.81E-05,1.17E-05,3.38E-05,2.68E-05,3.94E-05,1.09E-05,1.61E-05,7.44E-05,2.96E-05,2.97E-05,3.03E-05,1.98E-05,3.89E-05,6.72E-06,2.13E-05,2.94E-05,1.96E-05,2.96E-05,1.55E-09,8.39E-10,4.54E-10,
1.17E-05,1.71E-05,1.34E-05,1.56E-05,1.88E-05,1.55E-05,1.16E-05,1.57E-05,2.02E-05,2.15E-05,2.14E-05,5.67E-06,4.95E-05,3.76E-05,1.60E-05,4.07E-05,1.93E-05,2.52E-05,7.58E-06,1.49E-05,0.000126201,2.32E-05,2.98E-05,3.09E-05,1.22E-05,2.98E-05,3.96E-06,2.52E-05,2.43E-05,1.62E-05,2.28E-05,6.35E-10,6.35E-10,6.35E-10,
5.07E-06,1.35E-05,1.43E-05,3.77E-05,1.53E-05,1.70E-05,1.16E-05,7.55E-06,7.37E-06,2.15E-05,5.84E-06,2.85E-06,3.64E-05,1.29E-05,1.60E-05,4.54E-05,6.09E-05,2.15E-05,6.10E-06,3.55E-05,0.000126201,2.91E-05,1.76E-05,3.09E-05,1.22E-05,1.77E-05,3.96E-06,2.37E-05,8.74E-06,1.23E-05,6.61E-06,4.62E-10,5.10E-10,5.62E-10,
2.84E-05,1.38E-05,6.31E-05,2.81E-05,1.72E-05,3.52E-05,1.98E-05,4.83E-05,2.72E-05,9.28E-05,2.08E-05,5.36E-06,8.63E-05,1.96E-05,1.52E-05,3.23E-05,7.76E-05,4.51E-05,3.63E-05,2.38E-05,4.65E-05,4.21E-05,4.39E-05,6.27E-05,1.40E-05,3.64E-05,5.67E-06,3.28E-05,2.68E-05,3.71E-05,4.52E-05,2.03E-09,1.48E-09,1.08E-09,
2.71E-05,1.41E-05,1.52E-05,2.79E-05,1.05E-05,1.87E-05,1.78E-05,2.75E-05,1.83E-05,2.10E-05,2.32E-05,1.45E-05,5.01E-05,2.25E-05,1.96E-05,4.74E-05,6.06E-05,3.05E-05,1.11E-05,2.42E-05,4.89E-05,3.09E-05,3.22E-05,4.30E-05,1.10E-05,2.29E-05,1.02E-05,8.80E-05,2.75E-05,1.73E-05,2.32E-05,9.30E-10,2.68E-09,7.74E-09,
3.97E-05,2.51E-05,4.65E-05,2.43E-05,2.77E-05,5.40E-05,2.81E-05,5.30E-05,4.08E-05,3.28E-05,2.86E-05,6.17E-06,7.55E-05,4.39E-05,3.82E-05,5.28E-05,3.99E-05,2.91E-05,2.69E-05,2.44E-05,3.93E-05,2.82E-05,3.22E-05,5.39E-05,3.99E-05,4.50E-05,2.05E-05,0.000182781,2.22E-05,1.97E-05,4.55E-05,8.47E-10,5.32E-09,3.34E-08,
3.03E-05,1.46E-05,3.30E-05,1.97E-05,1.88E-05,5.60E-05,6.17E-05,2.89E-05,3.03E-05,0.000119623,2.14E-05,1.35E-05,2.49E-05,2.99E-05,5.75E-05,5.28E-05,3.01E-05,3.88E-05,1.28E-05,1.90E-05,6.12E-05,3.91E-05,2.77E-05,8.98E-05,4.67E-05,3.61E-05,8.80E-05,0.000182781,1.41E-05,7.20E-06,8.44E-05,1.51E-09,7.09E-09,3.34E-08,
5.70E-05,1.46E-05,4.70E-05,2.49E-05,3.07E-05,5.70E-05,4.95E-05,6.07E-05,3.03E-05,0.000272821,4.93E-05,1.26E-05,2.49E-05,6.35E-05,6.02E-05,5.28E-05,2.71E-05,0.000133144,2.96E-05,2.49E-05,0.000155454,3.42E-05,4.97E-05,0.000257462,3.70E-05,6.14E-05,2.03E-05,0.000182781,6.42E-05,7.20E-06,0.000114819,1.77E-08,2.43E-08,3.34E-08,
5.93E-05,9.02E-05,7.24E-05,4.62E-05,2.93E-05,5.40E-05,2.02E-05,6.50E-05,5.17E-05,4.83E-05,5.60E-05,7.72E-06,2.49E-05,6.26E-05,2.44E-05,7.80E-05,4.53E-05,2.31E-05,3.65E-05,4.58E-05,3.58E-05,9.54E-05,8.64E-05,3.07E-05,2.17E-05,4.58E-05,3.58E-05,0.000182781,4.29E-05,3.61E-05,4.78E-05,5.34E-10,4.22E-09,3.34E-08,
3.49E-05,2.29E-05,3.54E-05,4.02E-05,2.38E-05,6.27E-05,3.52E-05,4.48E-05,3.75E-05,3.14E-05,2.88E-05,8.16E-06,3.71E-05,1.60E-05,3.30E-05,6.52E-05,3.16E-05,2.25E-05,1.74E-05,3.92E-05,4.84E-05,4.90E-05,4.16E-05,5.19E-05,2.75E-05,4.28E-05,1.56E-05,0.000182781,3.68E-05,2.04E-05,3.62E-05,5.06E-10,4.11E-09,3.34E-08,
6.87E-05,1.29E-05,7.17E-05,7.74E-05,2.24E-05,0.000126614,6.32E-05,6.67E-05,6.86E-05,0.000145853,5.54E-05,1.62E-05,8.86E-05,3.18E-05,7.59E-05,6.78E-05,5.23E-05,6.45E-05,4.22E-05,4.21E-05,0.000108282,4.87E-05,5.49E-05,0.000138155,4.94E-05,8.23E-05,6.29E-05,0.000182781,7.10E-05,4.70E-05,0.000115453,4.16E-09,1.18E-08,3.34E-08,
7.34E-05,2.68E-05,5.50E-05,6.27E-05,4.22E-05,9.66E-05,9.74E-05,6.65E-05,8.52E-05,5.24E-05,4.31E-05,1.74E-05,8.05E-05,0.000130723,9.18E-05,7.54E-05,2.62E-05,3.79E-05,5.88E-05,6.07E-05,8.12E-05,3.61E-05,3.64E-05,5.12E-05,5.17E-05,7.45E-05,0.000156429,0.000182781,3.82E-05,3.43E-05,5.41E-05,1.44E-09,6.93E-09,3.34E-08,
7.34E-05,2.68E-05,5.50E-05,0.000255039,4.22E-05,9.66E-05,9.74E-05,6.65E-05,8.52E-05,5.24E-05,4.31E-05,1.74E-05,8.05E-05,0.000130723,9.18E-05,7.54E-05,2.62E-05,3.79E-05,5.88E-05,0.000265579,8.12E-05,3.61E-05,3.64E-05,5.12E-05,5.17E-05,7.45E-05,0.000156429,0.000182781,3.82E-05,3.43E-05,5.41E-05,1.44E-09,6.93E-09,3.34E-08,
5.17E-05,0.000169898,3.56E-05,0.000133381,2.27E-05,6.18E-05,5.36E-05,6.25E-05,3.41E-05,4.49E-05,3.45E-05,9.03E-06,0.000113383,2.01E-05,5.49E-05,0.000256042,2.62E-05,3.79E-05,5.05E-05,0.000143869,3.56E-05,3.03E-05,5.21E-05,4.45E-05,3.31E-05,4.83E-05,3.66E-05,0.000161102,4.03E-05,4.19E-05,4.88E-05,1.44E-09,6.11E-09,2.60E-08,
2.68E-05,1.04E-05,5.30E-05,3.53E-05,1.91E-05,3.92E-05,2.85E-05,2.61E-05,3.25E-05,0.000136604,1.79E-05,3.49E-06,6.92E-05,5.25E-05,3.04E-05,9.98E-05,6.45E-05,0.000259285,3.04E-05,3.48E-05,2.70E-05,2.15E-05,3.20E-05,5.52E-05,1.60E-05,2.56E-05,2.30E-05,0.000517486,2.30E-05,2.59E-05,3.89E-05,6.72E-08,1.34E-07,2.68E-07,
6.98E-05,4.45E-05,6.58E-05,4.52E-05,3.43E-05,3.25E-05,2.89E-05,8.48E-05,4.32E-05,7.40E-05,8.63E-05,9.59E-06,0.000113541,0.000128382,5.94E-05,8.83E-05,6.45E-05,4.98E-05,3.05E-05,4.30E-05,0.000131132,5.11E-05,4.16E-05,5.60E-05,2.47E-05,4.87E-05,1.85E-05,0.000151449,6.15E-05,3.13E-05,6.17E-05,2.48E-09,7.54E-09,2.29E-08,
2.52E-05,4.94E-05,4.03E-05,4.33E-05,1.96E-05,7.37E-05,3.50E-05,4.46E-05,2.83E-05,6.53E-05,2.90E-05,6.66E-06,0.000108302,1.32E-05,2.81E-05,6.55E-05,4.81E-05,6.35E-05,3.75E-05,3.97E-05,7.06E-05,0.000306981,4.70E-05,0.000226293,2.29E-05,2.06E-05,5.95E-06,0.000129496,3.83E-05,2.58E-05,3.51E-05,4.03E-09,8.22E-09,1.68E-08,
3.77E-05,1.02E-05,5.77E-05,2.81E-05,2.31E-05,5.98E-05,3.65E-05,3.64E-05,4.27E-05,3.74E-05,2.59E-05,7.05E-06,3.91E-05,1.11E-05,2.55E-05,6.19E-05,4.73E-05,7.55E-05,3.54E-05,2.19E-05,6.25E-05,4.37E-05,3.10E-05,7.36E-05,2.30E-05,4.17E-05,1.21E-05,9.90E-05,2.67E-05,6.88E-05,3.73E-05,5.70E-09,7.47E-09,9.80E-09,
2.18E-05,1.85E-05,3.38E-05,2.68E-05,1.79E-05,5.58E-05,2.29E-05,2.07E-05,2.68E-05,2.50E-05,2.22E-05,6.08E-06,3.27E-05,8.27E-06,2.84E-05,5.96E-05,0.000139598,3.63E-05,3.24E-05,2.83E-05,2.85E-05,3.58E-05,2.82E-05,4.46E-05,8.09E-06,4.17E-05,3.86E-05,9.01E-05,2.49E-05,2.42E-05,2.34E-05,1.32E-09,3.27E-09,8.12E-09,
1.71E-05,1.66E-05,2.73E-05,2.00E-05,2.60E-05,5.46E-05,2.50E-05,1.43E-05,2.31E-05,7.20E-05,1.88E-05,6.81E-06,2.22E-05,1.63E-05,4.80E-05,3.68E-05,0.000146972,7.05E-05,3.24E-05,1.78E-05,9.11E-05,2.35E-05,1.87E-05,6.93E-05,2.16E-05,1.73E-05,1.67E-05,9.51E-05,1.28E-05,3.61E-05,2.77E-05,4.97E-09,6.70E-09,9.04E-09,
2.09E-05,2.06E-05,2.29E-05,2.31E-05,3.04E-05,5.56E-05,2.34E-05,1.76E-05,1.72E-05,2.90E-05,1.44E-05,8.72E-06,4.11E-05,1.23E-05,2.09E-05,5.07E-05,8.85E-05,6.08E-05,3.57E-05,2.15E-05,7.49E-05,3.14E-05,1.79E-05,3.13E-05,6.43E-06,2.09E-05,4.37E-06,3.17E-05,1.54E-05,2.43E-05,1.86E-05,3.70E-09,1.93E-09,1.00E-09,
6.35E-05,3.30E-05,7.64E-05,3.51E-05,5.25E-05,5.70E-05,2.62E-05,6.69E-05,5.05E-05,8.93E-05,4.73E-05,1.02E-05,4.25E-05,4.98E-05,3.81E-05,8.02E-05,6.61E-05,5.25E-05,2.55E-05,2.12E-05,4.39E-05,4.56E-05,4.99E-05,0.000127575,2.17E-05,4.36E-05,1.91E-05,6.66E-05,3.54E-05,2.02E-05,6.03E-05,2.76E-09,3.50E-09,4.44E-09,
1.81E-05,5.68E-06,2.22E-05,5.08E-05,2.26E-05,4.26E-05,1.65E-05,1.84E-05,1.93E-05,4.80E-05,1.48E-05,4.64E-06,2.58E-05,1.52E-05,2.02E-05,5.59E-05,3.95E-05,1.67E-05,1.87E-05,4.76E-05,4.09E-05,1.82E-05,1.33E-05,2.72E-05,1.35E-05,1.85E-05,6.70E-06,4.74E-05,2.60E-05,2.50E-05,1.52E-05,2.79E-10,7.92E-10,2.25E-09,
1.97E-05,9.98E-06,1.49E-05,6.53E-05,2.10E-05,3.49E-05,1.65E-05,1.26E-05,9.82E-06,1.97E-05,1.11E-05,4.64E-06,3.12E-05,1.62E-05,2.02E-05,4.95E-05,6.13E-05,1.34E-05,4.70E-05,6.12E-05,2.87E-05,3.41E-05,1.68E-05,1.91E-05,1.35E-05,1.12E-05,6.70E-06,4.32E-05,1.12E-05,2.07E-05,9.38E-06,1.80E-10,5.79E-10,1.87E-09,
2.98E-05,1.35E-05,3.29E-05,3.16E-05,2.15E-05,4.07E-05,2.59E-05,4.61E-05,2.81E-05,9.23E-05,2.94E-05,9.39E-06,3.43E-05,1.96E-05,3.37E-05,4.82E-05,7.03E-05,2.72E-05,3.03E-05,3.33E-05,5.89E-05,5.13E-05,7.96E-05,6.43E-05,1.70E-05,2.81E-05,1.20E-05,4.42E-05,2.28E-05,1.05E-05,5.19E-05,7.40E-10,1.20E-09,1.95E-09,
1.26E-05,9.56E-06,2.29E-05,2.89E-05,2.18E-05,2.81E-05,6.56E-06,1.34E-05,2.09E-05,4.87E-05,1.66E-05,5.81E-06,2.21E-05,2.25E-05,8.80E-06,9.03E-05,4.72E-05,2.21E-05,2.05E-05,2.67E-05,2.74E-05,1.67E-05,1.61E-05,3.89E-05,8.97E-06,2.17E-05,6.79E-06,4.75E-05,1.42E-05,2.22E-05,1.25E-05,4.88E-10,1.05E-09,2.26E-09,
2.44E-05,1.88E-05,3.68E-05,1.97E-05,4.97E-05,9.00E-05,7.67E-05,2.52E-05,5.44E-05,2.72E-05,2.23E-05,1.73E-05,5.07E-05,5.14E-05,0.000125847,8.04E-05,3.21E-05,3.03E-05,8.27E-05,1.90E-05,8.36E-05,1.74E-05,2.74E-05,4.47E-05,8.07E-05,3.22E-05,7.38E-05,7.39E-05,2.33E-05,2.22E-05,2.97E-05,9.18E-10,2.24E-09,5.46E-09,
8.32E-05,1.32E-05,7.29E-05,1.97E-05,6.08E-05,4.64E-05,5.65E-05,0.000121345,0.000106338,7.24E-05,7.28E-05,1.22E-05,2.86E-05,3.90E-05,9.44E-05,7.82E-05,2.76E-05,2.73E-05,4.85E-05,1.90E-05,0.00014216,3.56E-05,5.31E-05,0.000118741,4.07E-05,5.40E-05,3.37E-05,7.81E-05,5.46E-05,1.64E-05,9.58E-05,7.45E-10,2.13E-09,6.10E-09,
0.000129372,0.000125877,0.000103324,5.77E-05,6.90E-05,4.64E-05,0.000180169,0.000114597,0.000121842,0.000438767,0.000119996,5.33E-05,3.68E-05,0.000185871,0.000179254,0.000102628,0.000114083,7.16E-05,4.85E-05,5.33E-05,0.000294334,0.000116692,0.000209771,3.59E-05,7.90E-05,0.000107634,7.02E-05,8.42E-05,0.000443568,1.93E-05,0.000366219,5.13E-09,6.03E-09,7.09E-09,
0.000180144,0.000335877,0.000144795,5.55E-05,0.000101559,4.64E-05,0.000223295,0.000177679,0.000135234,0.000122075,0.000158383,6.56E-05,3.22E-05,0.000300655,0.000295556,0.000124307,9.03E-05,7.46E-05,0.000391212,5.53E-05,0.000224389,8.67E-05,0.000142897,0.000192771,0.000166689,0.000126482,0.000585468,0.000188874,0.000109298,3.57E-05,0.000158695,5.57E-09,1.41E-08,3.57E-08,
0.000365896,0.000241003,0.000442921,6.65E-05,0.000153575,0.001313145,0.000265962,0.000283605,0.000272431,0.000203538,0.000370983,0.000104089,5.32E-05,0.00047041,0.000294553,9.44E-05,0.000116629,5.67E-05,0.000131043,4.79E-05,0.000508631,0.000292997,0.00027001,0.000380195,0.000156575,0.000229013,0.000197023,0.000216431,0.000268444,2.27E-05,0.000306848,3.21E-09,1.23E-08,4.68E-08,
0.000413302,7.76E-05,0.000414157,4.69E-05,0.000174256,0.000363801,0.000720672,0.000389978,0.000335702,0.000586431,0.000294871,0.000218849,5.11E-05,0.000471934,0.000680083,0.000120272,0.000411907,0.000187916,9.99E-05,4.55E-05,0.000389094,0.000248817,0.000357561,0.000472272,0.000465506,0.000336019,0.000560165,6.02E-05,0.000396185,3.92E-05,0.000562461,3.53E-08,1.13E-08,3.62E-09,
0.000578787,0.000596495,0.000655145,9.87E-05,0.000327746,0.000499055,0.00145577,0.00066361,0.000439971,0.001205144,0.000676615,0.00048489,7.73E-05,0.000265166,0.001461172,0.000111101,9.52E-05,0.000543653,0.000328578,9.40E-05,0.000555064,0.000415045,0.000503663,0.001255812,0.000715258,0.000542151,0.000460412,0.000178458,0.001350223,5.23E-05,0.001384617,2.96E-07,9.70E-08,3.18E-08,
0.001064194,0.000332435,0.001063092,0.000286359,0.000430049,0.000292132,0.00145577,0.001056737,0.000584883,0.000891897,0.000666591,0.000227682,9.27E-05,0.000656911,0.000545283,0.000185719,0.00011086,0.000119897,0.000285752,0.000306198,0.000445828,0.000461374,0.000513609,0.00168042,0.000328207,0.000595362,0.000841705,0.000104774,0.000768021,4.82E-05,0.001384617,1.44E-08,1.26E-08,1.10E-08,
0.000517829,0.000239077,0.000521989,0.000231651,0.000345091,0.001109686,0.001744815,0.000720408,0.000811985,0.000732099,0.000786595,0.000458483,6.06E-05,0.000258004,0.001368379,0.000108248,0.000133011,0.000335145,0.000168819,0.000209092,0.000351267,0.000400551,0.000447723,0.001009085,0.00099545,0.000693223,0.000989791,8.07E-05,0.0006382,5.45E-05,0.000794437,1.12E-07,2.70E-08,6.51E-09,
0.000181472,0.000190026,0.00020924,0.000176456,0.000168145,0.000287731,0.000279579,0.000211916,0.000240353,0.000167694,0.00023846,8.16E-05,6.26E-05,0.000218231,0.000208755,0.000194538,0.00010296,9.35E-05,0.000162861,0.000186353,0.000174339,0.000145012,0.000209647,0.000194474,0.000128899,0.000230999,0.000354157,9.60E-05,0.000225798,4.09E-05,0.000215067,8.74E-09,8.98E-09,9.22E-09,
0.000237026,0.000241681,0.000270778,9.25E-05,0.000158828,0.000378601,0.000397779,0.000212285,0.000194419,0.000177842,0.000199911,9.61E-05,6.70E-05,0.000484681,0.000345414,0.000123374,9.02E-05,0.000162562,8.03E-05,0.00010089,0.000154725,0.000149505,0.000162706,0.000224923,0.000221503,0.000209138,0.000269999,8.23E-05,0.00012161,3.55E-05,0.000195049,2.64E-08,1.34E-08,6.77E-09,
0.000424417,0.000163929,0.000339517,0.000148383,0.000173834,0.000552284,0.000505481,0.000387123,0.000256126,0.000521907,0.000396291,0.000150668,3.77E-05,0.000272509,0.00053387,7.78E-05,8.37E-05,0.00025589,8.54E-05,0.000135948,0.000235513,0.000210466,0.000240386,0.000590257,0.000312367,0.000320042,0.000296454,5.40E-05,0.000774992,4.29E-05,0.000608411,6.55E-08,1.38E-08,2.92E-09,
0.001563207,0.001054746,0.000973013,0.000328381,0.000585929,0.000439607,0.002900278,0.001121065,0.001023459,0.006667907,0.00115946,0.001726627,9.55E-05,0.000950658,0.001085483,8.39E-05,0.000645393,0.000218524,0.000456623,0.00029179,0.000615075,0.000591972,0.000597535,0.019696161,0.000600084,0.001292477,0.000771765,0.000111574,0.005547763,0.000157509,0.003256227,4.78E-08,2.44E-08,1.24E-08,
0.001118947,0.001649138,0.001319822,0.000328381,0.000536098,0.000882974,0.001232054,0.001087005,0.000883288,0.000899191,0.000786205,0.0005642,0.000117551,0.001945911,0.000752546,0.000227006,0.000144249,0.000112729,0.000895376,0.00029179,0.000650309,0.00052295,0.000618268,0.000909156,0.000721382,0.001092713,0.00101021,0.000453079,0.000768331,0.000342732,0.000957891,1.27E-08,5.11E-08,2.05E-07,
0.000822239,0.000350959,0.000836707,0.000247834,0.000318986,0.001983992,0.00059064,0.000879273,0.000566725,0.000617129,0.000577764,0.000298896,9.84E-05,0.000788407,0.000481197,0.000186768,9.78E-05,9.67E-05,0.0003638,0.00030663,0.000463045,0.000416566,0.000406311,0.000498135,0.000387783,0.000614547,0.00066065,7.62E-05,0.000437251,0.000146234,0.000747813,9.35E-09,7.37E-09,5.81E-09,
0.001695806,0.00159309,0.00146509,0.000721118,0.00116894,0.002518947,0.004026766,0.002044508,0.002034559,0.002496093,0.001973504,0.003685904,0.000187913,0.004282552,0.002736898,0.00054175,0.000281299,0.001175325,0.000546873,0.000639367,0.000988584,0.000720125,0.001127981,0.003891285,0.002186289,0.002015796,0.001812239,0.000151878,0.003186225,0.00021105,0.003681558,1.38E-06,1.79E-07,2.31E-08,
0.004200309,0.004433082,0.002081175,0.008671819,0.001575305,0.004046533,0.0027268,0.002669655,0.002727618,0.003473709,0.001848845,0.001251954,0.002368118,0.003525651,0.002430082,0.001798194,0.001455636,0.000251056,0.003849018,0.00933565,0.001415402,0.001206613,0.001403986,0.002926032,0.001909554,0.002743654,0.002557363,0.000598767,0.002882719,0.00121616,0.00316239,6.30E-08,1.50E-07,3.59E-07,
0.00288168,0.003381617,0.00261722,0.001125418,0.001575305,0.003505226,0.004065358,0.003206519,0.001901613,0.002982411,0.002780267,0.001251954,0.000287203,0.002925782,0.005962928,0.000962741,0.000471831,0.000251056,0.001433227,0,0.00250042,0.001476462,0.001817899,0.002926032,0.002681029,0.002112385,0.001957755,0.00026791,0.003398411,0.000314495,0.00467208,6.30E-08,6.73E-08,7.18E-08,
0.003970011,0.000998151,0.003688781,0.001261487,0.001214658,0.002133214,0.00243261,0.004361569,0.001857615,0.002500505,0.003117566,0.001295285,0.000502011,0.002033169,0.002119247,0.000963622,0.000672493,0.000251056,0.001897157,0.001372698,0.002092897,0.001539007,0.002054524,0.002125181,0.002391792,0.001931117,0.002082872,0.000606845,0.003925702,0.000486142,0.003944805,6.30E-08,1.52E-07,3.68E-07,
0.001445894,0.001152554,0.001057194,0.001126245,0.000990003,0.002499432,0.00235215,0.001549494,0.001048037,0.001875822,0.00129254,0.001327756,0.000395814,0.001097205,0.002354589,0.000461347,0.000388888,0.000435616,0.000697516,0.001083526,0.000734813,0.000761671,0.000758209,0.001219852,0.002550148,0.002124908,0.001929443,0.000165276,0.002212763,0.0003046,0.002037823,1.90E-07,7.20E-08,2.73E-08,
0.001645747,0.00116167,0.001191649,0.003262762,0.000512396,0.00370323,0.002293257,0.001559588,0.001027758,0.000946752,0.001643271,0.001359658,0.000782288,0.000688236,0.002023482,0.002607659,0.001159008,0.000280365,0.000748339,0.00312143,0.000481577,0.000651364,0.000820746,0.001579844,0.002463314,0.000634456,0.00136497,0.000339343,0.001065129,0.000538491,0.001274755,7.86E-08,9.51E-08,1.15E-07,
0.001361726,0.001460233,0.001080075,0.002305068,0.000711868,0.002691555,0.001535143,0.001427981,0.000645701,0.002057692,0.000916863,0.000891854,0.000287231,0.001329518,0.001475483,0.001197876,0.0005262,0.000195607,0.000748339,0.002283321,0.000475525,0.000751606,0.000430379,0.003580009,0.002110519,0.000837311,0.001587276,0.000113506,0.002606439,0.000388741,0.002729468,3.83E-08,2.22E-08,1.29E-08,
0.003179149,0.004776247,0.001305987,0.00263266,0.000711868,0.002041264,0.002845032,0.003454946,0.001242823,0.002372045,0.001705638,0.000891854,0.000379333,0.000951342,0.002397427,0.000864436,0.0005262,0.000442243,0.000563082,0.002050886,0.000750973,0.000825102,0.000747789,0.002470683,0.003082851,0.001045822,0.000847552,0.000173351,0.002806415,0.000656209,0.00289366,1.96E-07,7.67E-08,3.01E-08,
0.000445664,0.000681442,0.000598537,0.002206523,0.000526617,0.000820037,0.000805713,0.000645887,0.00059339,0.001226882,0.000522275,0.000782857,0.000223636,0.000824976,0.000734219,0.000578819,0.003695857,0.000269508,0.000926383,0.002235807,0.000407884,0.000330483,0.000320083,0.002053906,0.00098524,0.000626625,0.000695826,0.000169351,0.001599381,0.000586462,0.001913796,7.26E-08,4.56E-08,2.87E-08,
0.001617996,0.002156786,0.002421335,0.001639515,0.001123694,0.00114678,0.0015832,0.001446552,0.001589029,0.001286694,0.001432488,0.001106309,0.000223474,0.001440837,0.001106172,0.001015177,0.001190007,0.00040764,0.000918614,0.001529879,0.000494432,0.001024478,0.000926625,0.001441175,0.001392391,0.001253586,0.00156429,8.11E-05,0.001108503,0.000393822,0.001228734,1.66E-07,3.31E-08,6.58E-09,
0.001076725,0.00068469,0.000994565,0.001469819,0.000431819,0.001193967,0.001151228,0.001090697,0.000594904,0.001006493,0.0007753,0.000855795,0.000321635,0.000569946,0.0007325,0.001131671,0.000574885,0.000202956,0.000737061,0.00147864,0.000272872,0.000452671,0.000554343,0.000670996,0.001125576,0.000540364,0.001015697,4.60E-05,0.000484199,0.000888351,0.000832691,4.12E-08,9.34E-09,2.12E-09,
0.000374153,0.000803927,0.000470453,0.001821357,0.00023466,0.000940646,0.000711097,0.000477718,0.000396892,0.001079002,0.000534097,0.000681979,0.000102341,0.000589303,0.000462526,0.000560727,0.000467306,0.000202213,0.000830488,0.001708838,0.000248936,0.000303368,0.000294767,0.000308928,0.000515102,0.000471155,0.000503017,8.10E-05,0.000506962,0.000243273,0.000468662,4.09E-08,1.64E-08,6.56E-09,
0.000506469,0.000616071,0.000688894,0.000542358,0.000315149,0.000940646,0.000466719,0.000630786,0.000416896,0.000537061,0.000565136,0.000414443,0.000102341,0.000649625,0.0002312,0.000314751,0.000496973,9.73E-05,0.00027349,0,0.000439966,0.000357956,0.000391818,0.000609009,0.000392092,0.000726926,0.000403013,7.72E-05,0.000381986,0.000462217,0.000618718,9.47E-09,7.51E-09,5.96E-09,
0.000454628,0.001209236,0.00044284,0.000469503,0.000283071,0.000491923,0.000399126,0.00052209,0.00036817,0.000449002,0.000432026,0.000518499,0.000125162,0.000251596,0.000314588,0.000352935,0.000250376,0.000233542,0.000317718,0.000406094,0.000278556,0.000325528,0.000297579,0.000807804,0.000329498,0.000309565,0.000261998,6.07E-05,0.000414468,0.000230321,0.000512423,5.45E-08,1.42E-08,3.68E-09,
0.000395167,0.000817623,0.000405249,0.00030528,0.000206382,0.000509154,0.000378696,0.000428285,0.000303089,0.001129405,0.000426045,0.00035522,0.000119206,0.000123466,0.000248809,0.000226155,0.000391637,0.000162058,0.000364166,0.000307086,0.00023741,0.000243555,0.000214571,0.000829674,0.000314587,0.000323699,0.000330838,7.53E-05,0.000702639,0.000168158,0.000905271,2.63E-08,1.22E-08,5.67E-09,
0.000556915,0.000983006,0.000570199,0.00030528,0.000313617,0.000829327,0.000871705,0.000534281,0.000406421,0.000565759,0.00051536,0.000509014,0.000121828,0.000463171,0.000605928,0.000935092,0.000252871,0.00018574,0.000457012,0.000307086,0.000241483,0.000342033,0.000315132,0.000705555,0.00073246,0.000409422,0.000347563,9.17E-05,0.000290013,0.000121748,0.000495484,3.45E-08,1.70E-08,8.41E-09,
0.000225375,0.00040869,0.000257281,0.000816033,9.09E-05,0.000835148,0.000412228,0.00022688,0.000184447,0.000237092,0.000209052,0.00029468,0.000100835,0.00012659,0.000291749,0.000211431,0.000669135,0.000183942,0.000200546,0.000811012,0.00013936,0.000153782,0.000188882,0.000523678,0.000334614,0.000155679,0.000353398,4.26E-05,0.000170357,0.000256682,0.000235463,3.38E-08,7.84E-09,1.81E-09,
0.000144,0.000400254,0.000225131,0.000816033,9.47E-05,0.000349202,0.000324315,0.000180042,0.000121447,0.000751065,0.000188638,0.000207284,0.000128522,0.000166876,0.000182069,0.00020145,0.000383081,0.000310029,0.000480115,0.000811012,0.000165465,0.000142015,0.000126316,0.000523678,0.000239523,0.000142847,0.00054741,4.26E-05,0.000563916,0.000157014,0.000525397,9.61E-08,1.32E-08,1.81E-09,
0.000548723,0.000799133,0.000300086,0.000320626,0.000201881,0.000685445,0.000674919,0.00061995,0.000398615,0.001173046,0.000414327,0.000469119,9.30E-05,0.00034078,0.000439321,0.000333317,0.000172483,0.000407121,0.00048401,0.000302737,0.000218473,0.000239432,0.000240579,0.000583561,0.000593716,0.000346024,0.000484556,3.35E-05,0.000551682,0.000177199,0.000887353,1.66E-07,1.36E-08,1.12E-09,
0.00021801,0.000451187,0.000212797,0.001053456,9.12E-05,0.000286999,0.00028996,0.000338142,0.0001506,0.000317468,0.000214741,0.00015602,8.92E-05,6.39E-05,0.000173697,0.00020425,0.000186989,0.000126266,0.000472948,0.001021235,8.82E-05,0.000127205,0.00010875,0.000190863,0.000251328,0.000165232,0.000465783,2.67E-05,0.000199335,0.000202022,0.000249543,1.59E-08,3.37E-09,7.13E-10,
0.00043441,0.000471086,0.000533737,0.000404546,0.000235436,0.000528527,0.000425982,0.0006472,0.000419147,0.000520193,0.000320383,0.000376308,6.49E-05,0.000287438,0.000308591,0.00013258,0.000444417,0.000126266,0.000127534,0.000358128,8.82E-05,0.000181715,6.86E-05,0.000190863,0.000520517,0.000346002,0.000146358,2.35E-05,0.00021314,0.000154592,0.000489285,1.59E-08,2.97E-09,5.52E-10,
0.00043441,0.000471086,0.000533737,0.000404546,0.000235436,0.000528527,0.000425982,0.0006472,0.000419147,0.000520193,0.000320383,0.000376308,6.49E-05,0.000287438,0.000308591,0.000152532,0.000246816,0.000126266,8.91E-05,0.000358128,8.82E-05,0.000181715,6.86E-05,0.000190863,0.000520517,0.000346002,0.000146358,6.56E-05,0.00021314,0.000154592,0.000489285,1.59E-08,8.28E-09,4.30E-09,
0.00043441,0.000471086,0.000533737,0.000328754,0.000235436,0.00054581,0.000334242,0.0006472,0.000419147,0.000520193,0.000320383,0.000376308,6.49E-05,0.000287438,0.000214509,4.94E-05,0.0002809,5.44E-05,9.52E-05,0,8.82E-05,0.000181715,6.86E-05,0.000190863,0.000288814,0.000346002,0.000178934,3.75E-05,0.00021314,5.48E-05,0.000489285,2.96E-09,2.04E-09,1.41E-09,
0.000216984,0.000148637,0.000289867,0.000328754,0.000128467,0.000138161,0.000231085,0.000200993,0.000419147,0.000196176,0.000126613,0.000190602,7.91E-05,0.000118306,0.000114526,8.30E-05,0.00015,0.000171037,0.000168149,0,0.000177579,7.61E-05,8.59E-05,0.000289072,0.000139291,0.000172677,9.85E-05,2.70E-05,0.000145976,0.000130092,0.000171691,2.93E-08,4.62E-09,7.29E-10,
0.000200983,0.000195855,0.000200136,0.000347801,9.71E-05,0.000188229,0.000263038,0.000243506,0.000251752,0.000239373,0.000245827,0.000175779,5.21E-05,0.000545843,0.000156841,8.30E-05,0.000152082,0.000128457,0.000156146,0.000352308,0.000133722,0.000164314,0.00013543,0.000219629,0.000212623,0.000224531,7.59E-05,2.35E-05,9.74E-05,9.58E-05,0.000232801,1.65E-08,3.02E-09,5.52E-10,
0.000181826,0.000250763,0.000264111,0.000235135,0.000128569,0.000234654,0.000192929,0.000332187,0.000242124,0.000233104,0.000227239,0.000170713,6.18E-05,0.000365542,0.000228097,9.71E-05,0.000111659,0.000169243,6.94E-05,0.00022416,0.000132028,0.000206014,0.000134207,0.000133711,0.000320756,0.000177535,8.28E-05,2.17E-05,0.000149087,0.000148591,0.000223888,2.86E-08,3.67E-09,4.71E-10,
0.000153274,0.000222603,0.000159393,0.000230382,7.10E-05,0.000210518,0.000250384,0.000213723,0.000160574,0.000821971,0.000181976,0.0001438,0.000144268,0.00018153,0.000136968,0.000118051,0.001374279,0.000418251,0.000143668,0.000236816,6.81E-05,8.91E-05,7.71E-05,0.000557836,0.000122452,0.000192591,0.000103401,4.07E-05,0.000445581,8.47E-05,0.000405336,1.75E-07,1.70E-08,1.66E-09,
0.000153274,0.000158504,0.000157085,0.000313699,8.86E-05,0.000281456,0.000368695,0.000164421,0.000128262,0.000143103,0.000181976,0.000221517,0.000106509,0.000369146,0.000113928,0.00011635,0.000971593,0.000252698,6.68E-05,0.000301924,9.53E-05,0.000104647,9.56E-05,0.0001785,0.000206871,0.000217879,0.000105061,1.89E-05,0.000111611,7.93E-05,0.000152358,6.39E-08,4.78E-09,3.57E-10,
