"rv.AEX","rv.AORD","rv.BFX","rv.BSESN","rv.BVLG","rv.BVSP","rv.DJI","rv.FCHI","rv.FTMIB","rv.FTSE","rv.GDAXI","rv.GSPTSE","rv.HSI","rv.IBEX","rv.IXIC","rv.KS11","rv.KSE","rv.MXX","rv.N225","rv.NSEI","rv.OMXC20","rv.OMXHPI","rv.OMXSPI","rv.OSEAX","rv.RUT","rv.SMSI","rv.SPX","rv.SSEC","rv.SSMI","rv.STI","rv.STOXX50E"
6.6734933647692e-05,3.54509896677729e-05,7.05023717274801e-05,4.37934523355987e-05,2.44627661630012e-05,4.65041685507716e-05,3.60723173927837e-05,6.25459303371036e-05,6.59078214618382e-05,6.9684677802851e-05,5.03430182297906e-05,1.29131718578182e-05,5.72214073209161e-05,5.50060300506051e-05,4.0403668702878e-05,3.62211588848742e-05,7.48987721227055e-05,2.49119220390367e-05,2.48671638059305e-05,3.97869605084896e-05,5.95418804418028e-05,5.97243728330651e-05,4.46933971698469e-05,5.11139691592504e-05,2.47424978454227e-05,5.23105191827066e-05,2.9145781423256e-05,3.34881951274643e-05,4.09356275299545e-05,1.88635262947051e-05,5.72991350828489e-05
5.22474609212196e-05,3.78199391320021e-05,5.86622239869612e-05,4.55007370318919e-05,2.23589422962366e-05,4.3191746249887e-05,2.53425317538941e-05,5.30815714453731e-05,4.53020442343134e-05,4.96352706096465e-05,4.83079880139365e-05,1.0324308777429e-05,4.74423964763162e-05,6.63896444325351e-05,3.09664785632553e-05,3.71911214784705e-05,6.86622878370741e-05,2.17602493255641e-05,2.860898978412e-05,4.07939890202134e-05,5.85667771793002e-05,5.84592344263653e-05,4.19517040129397e-05,5.06404488789884e-05,1.94124235232041e-05,4.45912063129154e-05,2.57545993706014e-05,3.37935303177571e-05,3.3981365996527e-05,1.88191958158857e-05,4.98450904083387e-05
4.74244369180705e-05,3.83957281816659e-05,5.44376302520562e-05,5.05756683048155e-05,2.04245096674524e-05,4.09879533695807e-05,2.88603231904072e-05,4.83212224522839e-05,4.15713467531351e-05,4.67905813869541e-05,4.9154912903425e-05,1.15310318206045e-05,4.52690441285796e-05,5.45087406619063e-05,3.2671385814464e-05,3.44424636008729e-05,9.3930087077438e-05,2.162400653818e-05,2.64584558807696e-05,4.46973827734341e-05,5.11765265580221e-05,5.43848621652957e-05,4.3195859100319e-05,3.75185840364288e-05,1.96644345632569e-05,4.26067558092538e-05,2.60712045344235e-05,3.10727792579021e-05,3.24331296205108e-05,1.68708896196043e-05,4.46745361073964e-05
4.24373698461338e-05,3.71698922893606e-05,5.0010049505218e-05,4.41887741643077e-05,2.11465463252714e-05,3.56823825611409e-05,2.49525427427363e-05,4.4717832053016e-05,4.86832412665477e-05,4.1675250163286e-05,5.06380599918261e-05,1.01400223773216e-05,4.44092113771953e-05,7.26032025478861e-05,2.93411546459791e-05,3.42959220619674e-05,8.64135002888433e-05,2.14627440070006e-05,2.10553346995907e-05,3.57980458256205e-05,5.03138309804154e-05,5.19811438441732e-05,4.30773223182664e-05,3.72927838134302e-05,1.96699260273031e-05,4.76483712513458e-05,2.16673469749727e-05,3.21087796885981e-05,3.3298527603293e-05,1.92301162351087e-05,4.40329024446555e-05
3.41223119139314e-05,3.00233976256943e-05,4.5604314337186e-05,4.48880877156357e-05,1.99080769239692e-05,3.35951794482532e-05,2.06659550912249e-05,3.84391561638008e-05,4.09332866265625e-05,3.41442107495385e-05,3.98929591366042e-05,8.49561073606829e-06,4.33035354662374e-05,4.20069977350516e-05,2.30639979261358e-05,3.46031335012105e-05,9.39833816873313e-05,2.61999154086679e-05,2.28599163883995e-05,3.84421285816427e-05,5.57120207529384e-05,4.8669623013093e-05,3.64807124266009e-05,3.46915847066358e-05,1.5132518040078e-05,3.86642233248901e-05,1.79700583778024e-05,3.22257706649152e-05,2.78839248924555e-05,1.73590720846238e-05,3.60936804060584e-05
4.5771480944439e-05,2.83617425922762e-05,5.36973850992219e-05,3.78574040840127e-05,2.24767106851833e-05,2.99517914755789e-05,2.07757856660048e-05,4.84947714660877e-05,4.52621575653105e-05,5.17490303179461e-05,4.66853840123458e-05,8.79471846562843e-06,3.63286172092196e-05,5.01058340401644e-05,2.08605975846223e-05,3.39213971295647e-05,8.8176289832518e-05,2.867550319719e-05,2.28822622912163e-05,3.19142974131815e-05,5.80397168995663e-05,4.70480413289977e-05,3.47170620545561e-05,3.75845015056668e-05,1.47011028833279e-05,4.40184754478017e-05,1.57729286358118e-05,2.77307951948035e-05,3.18075237386492e-05,1.87672560339125e-05,4.56387234800666e-05
3.45242486262571e-05,2.82271775629069e-05,4.7127493588411e-05,3.86958662818976e-05,1.93544877190331e-05,3.05070075275287e-05,1.78570496243435e-05,3.87156976966281e-05,3.22261340670577e-05,4.4135422584591e-05,4.55229537112375e-05,8.25379420102445e-06,3.53277795608899e-05,5.18556150404547e-05,1.97913789939031e-05,3.37670841096152e-05,8.64655706567295e-05,2.37859265283242e-05,2.18828999645854e-05,3.25020660654894e-05,5.21697856138532e-05,4.29644798134807e-05,3.43493912809704e-05,3.26723222661331e-05,1.40222241059757e-05,3.85203138999327e-05,1.44593171761978e-05,2.45972917713971e-05,2.8774976702021e-05,1.91856895857734e-05,3.85952298739577e-05
5.40129832534537e-05,2.84906155585225e-05,6.43900429348226e-05,3.34077859531537e-05,2.12188259452921e-05,3.11550276500234e-05,4.48543016785224e-05,5.12695214381149e-05,4.5975976527211e-05,5.53877155259648e-05,5.42863080922676e-05,1.15250639008313e-05,3.42984318918767e-05,5.69711812888861e-05,3.564734648504e-05,3.42691125426904e-05,7.385206248366e-05,2.39151118265638e-05,2.02515084175274e-05,2.91202446908338e-05,5.44648284327257e-05,4.52977303729545e-05,3.88280559476643e-05,3.80486829400922e-05,2.29966185458749e-05,4.45295622256783e-05,2.40198815574281e-05,2.04526169742132e-05,3.38506682394737e-05,1.95232877547916e-05,5.22339964985474e-05
5.7689569093907e-05,2.89077560443297e-05,6.55548994455291e-05,3.45363726497738e-05,2.58002833478953e-05,3.52775681006074e-05,3.74820291034733e-05,6.51305987778476e-05,5.45704855171927e-05,0.000196543501655675,5.72885336111451e-05,8.95641495119276e-06,3.31708904649737e-05,4.66788419276181e-05,3.51684796128674e-05,3.40756460204951e-05,6.99301038574104e-05,3.42555550797583e-05,1.97663302505553e-05,2.84157870365844e-05,5.39458084071644e-05,4.84146968837866e-05,4.3700782276985e-05,4.03246372338362e-05,2.22718784110567e-05,5.50961274290207e-05,2.1853176307383e-05,2.04616617908497e-05,3.55615487078444e-05,2.04464617514872e-05,8.11324284729111e-05
3.63922828946715e-05,2.92825022391227e-05,4.55456243198562e-05,3.20866245967669e-05,2.01859716048004e-05,3.85096190685197e-05,2.53406545607935e-05,4.34393152537269e-05,3.50266563933635e-05,7.54308430280103e-05,4.60968832745788e-05,8.58102505874601e-06,3.28763138243232e-05,4.59870425079299e-05,2.39637296815602e-05,3.34744769739964e-05,6.10715997854726e-05,2.94055390222119e-05,2.091417633825e-05,2.85153779950382e-05,5.29985970599578e-05,4.57177700687693e-05,4.05007855951607e-05,2.92414440847877e-05,1.56775418298967e-05,3.74852940137742e-05,1.76975213320445e-05,1.93969387302578e-05,3.63309709256006e-05,1.90383813489401e-05,5.77895023906565e-05
3.44947311630185e-05,2.75428044862393e-05,4.77699162785345e-05,2.82782794483554e-05,2.02092635168142e-05,3.69034505631452e-05,2.15580825641373e-05,4.00404296488758e-05,3.52487491918022e-05,5.44770430650084e-05,4.37297922203348e-05,8.28323536238921e-06,3.35627104601457e-05,4.01681636442017e-05,2.34098633378503e-05,2.91714285663145e-05,8.73047231903607e-05,2.66025826779205e-05,2.09644385653678e-05,2.50268942859434e-05,5.01198723595547e-05,4.30140997147363e-05,3.55286155582636e-05,2.7577499889222e-05,1.51359203534503e-05,3.65716543754173e-05,1.64327219624265e-05,2.40022035580751e-05,2.94841693975304e-05,1.89406627331942e-05,5.09359851859441e-05
3.0230411803824e-05,2.64283154655363e-05,4.12143387429351e-05,2.88671105216366e-05,2.01796870792823e-05,3.65869231670327e-05,2.10704920681546e-05,3.50785233387099e-05,3.16229452195367e-05,3.83102460231027e-05,3.60878037713737e-05,8.23704957244372e-06,3.23065971741589e-05,3.92602246160371e-05,2.20284922355017e-05,2.9896513956452e-05,0.000100042574865038,3.01607393240373e-05,2.12092327116498e-05,2.60315704303418e-05,5.21011734559075e-05,4.13080997411458e-05,3.0493058299049e-05,2.49683658598769e-05,1.51324714598794e-05,3.2795515974577e-05,1.59500551168171e-05,2.18295056880547e-05,2.84513279338849e-05,1.92426697963465e-05,3.91996499070989e-05
3.03654269272983e-05,2.54123761740194e-05,4.02189537273799e-05,2.82119368292281e-05,1.94279270756238e-05,3.67345796909779e-05,1.8982243128379e-05,3.37748183505255e-05,3.09104344499059e-05,4.11571750541752e-05,3.73150005816262e-05,7.83878302648606e-06,3.06265313223218e-05,3.83936106362057e-05,2.28331511023151e-05,3.77171341732331e-05,0.000122461977250382,2.98930207938114e-05,2.11313102826598e-05,2.42064894088758e-05,5.23866145530266e-05,3.92908507630402e-05,3.00727341532927e-05,2.74043123341048e-05,1.67024411363065e-05,3.04754097851746e-05,1.52067092049853e-05,1.94732443927085e-05,2.77035680245913e-05,1.88712780969267e-05,3.60622701027182e-05
3.29093600863557e-05,2.53689905894084e-05,4.67956748070427e-05,2.67079280910854e-05,1.85885348746281e-05,3.2685425515816e-05,2.22476282309345e-05,4.28004331090739e-05,2.86589394133278e-05,4.64048041654702e-05,3.908262999033e-05,9.29898996729036e-06,3.19870221002484e-05,3.65319374668892e-05,2.14432536796591e-05,3.64042400351187e-05,0.00011353532611787,2.87304584282789e-05,2.09999354685158e-05,2.37906837523895e-05,4.91521785394847e-05,3.82215239864037e-05,2.58401268750871e-05,3.11522965321995e-05,1.5833720179184e-05,3.47911260807879e-05,1.33902211260784e-05,2.23927761320668e-05,2.67705257609149e-05,1.88458139489184e-05,4.30054953716877e-05
2.4794019615896e-05,2.49812044311835e-05,3.91832647774286e-05,2.8715239498538e-05,1.8839118942081e-05,3.42941438174698e-05,1.70279581675767e-05,3.13239941840838e-05,2.60702725204165e-05,4.07705128522749e-05,2.77288436592013e-05,8.19874157558469e-06,2.92396839960995e-05,3.31827439082676e-05,1.89986080135475e-05,3.99271782126297e-05,0.000115518545443565,2.86752953017978e-05,2.18957112536307e-05,2.66341976504424e-05,4.55049310766424e-05,3.72248927069426e-05,2.74870634604772e-05,3.01558795188882e-05,1.49538636392392e-05,2.79994948163685e-05,1.23464752822863e-05,2.71120989156876e-05,2.17571306931837e-05,1.83293924814099e-05,2.99117810449587e-05
2.16494678767699e-05,2.43883480475846e-05,3.67004000351523e-05,2.47929199535845e-05,1.73527703587037e-05,3.04459428646587e-05,1.52618696714995e-05,2.79271573986727e-05,2.49394445717993e-05,3.69319324831214e-05,2.63534638408398e-05,7.81822680104075e-06,2.60799590857129e-05,3.3131037691347e-05,1.79655882720728e-05,3.59392176751636e-05,0.000121059056524341,2.83834832344875e-05,2.09553914345081e-05,2.22431782405361e-05,4.23190445114034e-05,3.68285984420348e-05,2.73753972603206e-05,2.78992558080647e-05,1.382167220308e-05,2.53140159215275e-05,1.1820422985764e-05,2.04615712791978e-05,2.09140315815595e-05,1.74207141732917e-05,2.56831215890747e-05
2.09215844135536e-05,2.43039003537303e-05,3.69214722679381e-05,2.3921083683848e-05,1.59983038350894e-05,2.69063598261172e-05,1.46757693796212e-05,2.71731724390889e-05,2.43137226414264e-05,3.57689766928623e-05,2.55019142358011e-05,7.7743751186062e-06,2.35318937399148e-05,3.27749981906288e-05,1.72034586395272e-05,3.16065592264437e-05,0.000123766465612429,2.81118907657712e-05,1.96585603448319e-05,2.21859447021301e-05,4.06340684963644e-05,3.62367621922114e-05,2.81756275983582e-05,2.70737262857782e-05,1.28894168785571e-05,2.49885293152812e-05,1.14077870663547e-05,2.09555597760063e-05,2.03144296265132e-05,1.68275076452962e-05,2.4167946564332e-05
1.95792528572735e-05,2.4101383227357e-05,3.74211799295461e-05,2.34428840358056e-05,1.55904125850961e-05,2.40017048198809e-05,1.43593922368912e-05,2.70396983255743e-05,2.15770958624527e-05,3.44081599959757e-05,2.43226756710236e-05,7.83733748273424e-06,2.1566989301669e-05,3.18296257953263e-05,1.4783926554758e-05,3.20845040428991e-05,9.55059439181249e-05,2.90493687714005e-05,1.86300771762859e-05,2.16266088510436e-05,3.99991192775859e-05,3.58393871795269e-05,2.80514300145524e-05,2.63471018978979e-05,1.09600095488161e-05,2.52380091567345e-05,1.16975717885671e-05,2.14674171706127e-05,1.94425162524372e-05,1.5914313681411e-05,2.33084379601491e-05
1.76158947690218e-05,2.32731809223976e-05,4.23831989891867e-05,2.45999495561597e-05,1.78836189640613e-05,2.21192954164859e-05,1.28478617340094e-05,2.90735226282891e-05,2.20593870441882e-05,3.73898832128559e-05,2.32485896012917e-05,8.15596676612906e-06,2.28369059505312e-05,3.00931595651088e-05,1.62369202407432e-05,2.76684364643569e-05,8.90112555802744e-05,2.85676605504673e-05,1.7045226050493e-05,2.32664405277356e-05,4.15491655413022e-05,3.47880628571937e-05,2.61628752827046e-05,2.91273562446393e-05,1.19195056416198e-05,2.88637592088345e-05,1.02366571442623e-05,2.46372771653252e-05,2.07292935340629e-05,1.52555150500625e-05,2.59309627217119e-05
2.32827070228061e-05,2.49428488683569e-05,3.85070270543954e-05,2.3648666140873e-05,1.58811463833509e-05,2.82439141077589e-05,1.67448927961236e-05,2.89658703735565e-05,2.52607228220467e-05,4.03854251811304e-05,2.29794892777696e-05,1.08210726684168e-05,2.55862860371534e-05,3.15568473892393e-05,2.24627390125671e-05,3.62016341104065e-05,8.52581645403555e-05,3.0822911006371e-05,2.02292006851432e-05,1.7366145732692e-05,3.98796965535744e-05,3.3218099971146e-05,2.5956332332915e-05,2.34729425812961e-05,1.35844891110151e-05,2.81946716276953e-05,1.68527990588836e-05,3.13414775879538e-05,2.31021244238305e-05,1.57817824765137e-05,2.45825914441418e-05
2.23142581645696e-05,3.45394494003228e-05,3.36674650005119e-05,2.56505709290242e-05,1.56010846354967e-05,2.98305426155171e-05,1.51338555498559e-05,2.8457284525965e-05,2.60976164237534e-05,4.67187984621113e-05,2.40230567170944e-05,8.76297571536041e-06,2.1548491542883e-05,3.0297162150599e-05,2.16869647511064e-05,3.63866284736722e-05,7.452904007795e-05,2.71541511297447e-05,2.46563002195886e-05,2.13008702982025e-05,3.86166576062744e-05,3.20700107789145e-05,2.57285010862141e-05,2.39750048181524e-05,1.35352382324139e-05,2.55394231897971e-05,1.52446638545964e-05,2.83194031632196e-05,2.41731362542262e-05,2.7993458145351e-05,2.12802236215153e-05
2.38714914763881e-05,3.34445226297418e-05,3.26503221155868e-05,2.16816891533403e-05,1.53796493651694e-05,3.14056140564085e-05,1.51904944232468e-05,2.99674168802843e-05,2.66287346730634e-05,4.67122186418413e-05,2.47932537129314e-05,8.83763405290123e-06,2.10758544477824e-05,3.64447077337796e-05,2.22203770709477e-05,3.64412046100852e-05,6.6084480452929e-05,2.49605409632126e-05,2.87559657351751e-05,1.87532616310658e-05,3.78422705122917e-05,3.08725773536636e-05,2.55493138970091e-05,2.36519346420676e-05,1.29464852712147e-05,2.50549609669737e-05,1.54106680383139e-05,2.86924728845589e-05,2.48714776041752e-05,3.97018741738161e-05,2.13697503784658e-05
2.50440981427782e-05,2.30362312273233e-05,2.9807238482213e-05,2.12431876678046e-05,1.63599351246731e-05,3.33403290504268e-05,1.63330095095988e-05,3.21555023181105e-05,2.31537545476604e-05,4.92191122098975e-05,2.9628968360127e-05,9.91231920221103e-06,2.46628277834974e-05,3.99856094104847e-05,2.35836335428611e-05,3.09898573259181e-05,6.65034295908274e-05,3.60144340795873e-05,3.15112235181555e-05,1.78514152750508e-05,3.54229304886343e-05,3.23970696493408e-05,3.12500786384719e-05,3.34420465805467e-05,1.52440204325015e-05,3.18001067603915e-05,1.70571832738861e-05,3.2218439551232e-05,2.47736543893674e-05,1.15586606909815e-05,2.95291508722261e-05
3.2056933970241e-05,5.21443621894748e-05,3.82586022408274e-05,2.2054930380928e-05,1.78809570580774e-05,3.26776319046906e-05,2.44525057853198e-05,4.25228085406955e-05,2.8543966629822e-05,4.66699096616549e-05,3.60291808583254e-05,1.06843033131222e-05,2.7578378462575e-05,3.95754810192312e-05,2.67495258497871e-05,3.85704881852109e-05,8.44988243420759e-05,4.34669086801113e-05,3.50565622061502e-05,2.00511273041047e-05,3.80153183971928e-05,3.22048503025047e-05,3.07668663446211e-05,2.04091169759898e-05,1.56873316211465e-05,3.05672343530028e-05,1.89576162760463e-05,2.99396987666903e-05,2.47844021500778e-05,2.23015219881841e-05,4.2319108596828e-05
3.40198800207165e-05,2.64594797765502e-05,4.22636545405329e-05,3.31579772482817e-05,1.8994945093824e-05,4.08106945382323e-05,2.02304184780184e-05,3.84070473583791e-05,2.90756601361016e-05,4.51191157224112e-05,4.29044255013711e-05,9.23537915728267e-06,2.91308660329897e-05,4.69133497997903e-05,2.52870312463373e-05,4.62500717848866e-05,0.000122831473031279,2.76055751811697e-05,3.13495938372931e-05,2.44728960207352e-05,3.9732143261567e-05,3.29275537903547e-05,3.21025078307604e-05,1.74362504038306e-05,1.58167310889824e-05,3.56370477559971e-05,2.47914821667454e-05,3.34779962730481e-05,3.02823520849359e-05,1.68098980284051e-05,5.06814849383858e-05
3.21509666823797e-05,2.84932931203031e-05,4.40657022114461e-05,3.11794860852021e-05,1.90920324428988e-05,4.39668640976366e-05,1.98302373811112e-05,4.3118239383636e-05,2.64179130017336e-05,3.76552385290935e-05,4.39416744278348e-05,8.72045750594574e-06,3.64798919896218e-05,4.70602449191912e-05,2.58305331052178e-05,4.79983875541105e-05,0.000103287404631442,2.66163965137516e-05,2.8729998914449e-05,2.72341943336752e-05,4.28811212689372e-05,3.39878220023335e-05,3.61583048131588e-05,1.71156868649364e-05,1.40875549569548e-05,3.11970930688754e-05,1.55697541262704e-05,3.3669315072225e-05,2.60635563424314e-05,1.90019476953863e-05,4.29754246199284e-05
4.03604897279485e-05,2.85067047625196e-05,4.56048853095413e-05,3.26482529662077e-05,1.98167132142843e-05,4.59677620035933e-05,2.33014750551052e-05,4.24214365254944e-05,2.76492352926065e-05,4.30831458836623e-05,5.22041741087462e-05,8.68014399154404e-06,4.18234502225103e-05,4.6220191385469e-05,2.73605894669838e-05,5.05895913545347e-05,0.000105895217404009,2.51478655277353e-05,3.58634833250495e-05,2.91063795281757e-05,3.89170387325342e-05,3.48073453879164e-05,3.42402707733412e-05,1.7497068364194e-05,1.64065158539968e-05,3.00571029556006e-05,2.41943947773214e-05,3.45515948983703e-05,2.99695414032089e-05,2.55002651198417e-05,4.54464529836569e-05
2.84728513147205e-05,2.66666771752153e-05,3.01815732038972e-05,2.41653689286711e-05,1.85591591779909e-05,4.89437675505558e-05,2.16220495887555e-05,3.46535694530825e-05,2.32705456101797e-05,3.91147536607787e-05,3.7148669591138e-05,8.1535896480298e-06,3.70280869099362e-05,4.40350832265807e-05,2.63184024303962e-05,4.74572450475616e-05,9.02957505514564e-05,2.22620951341167e-05,3.51297304935239e-05,2.03975405378306e-05,3.91820505234758e-05,3.27341017550992e-05,2.98283355291167e-05,1.88936579757343e-05,1.45995147946189e-05,2.57205601531096e-05,1.58131684174471e-05,3.22319105310958e-05,2.54110608330384e-05,1.94901037567659e-05,4.05365615601721e-05
3.01228882964339e-05,2.16403868623576e-05,2.68803688870528e-05,2.65897055590966e-05,1.6967854002557e-05,4.55975220777032e-05,1.7754767371496e-05,3.29823968269888e-05,2.3520878868015e-05,4.07704820091714e-05,3.05087661165069e-05,7.90095500019475e-06,3.17073415885842e-05,4.27295059017239e-05,2.39959460778106e-05,4.00997219376609e-05,8.10226470461474e-05,3.01481187323394e-05,3.00861762037409e-05,2.35662240400582e-05,3.41648468576748e-05,3.11729067386524e-05,2.82950964241542e-05,2.08445671853186e-05,1.67006987353717e-05,2.49783912865795e-05,1.83063659715369e-05,3.23835591921267e-05,2.37840625377109e-05,1.39922770476447e-05,3.28042542661444e-05
3.26694814333252e-05,2.46294094945374e-05,3.40932701580365e-05,2.69215370467896e-05,1.5979674414945e-05,3.97736537630778e-05,1.64354180326691e-05,3.43331056694321e-05,2.88232120127612e-05,3.91113255150342e-05,3.77675412004382e-05,7.79564208057299e-06,3.2623993409327e-05,4.24889191256192e-05,2.13384303779891e-05,4.3550026151631e-05,8.0048593693662e-05,3.35391050096406e-05,2.97239724904772e-05,1.59135810872542e-05,3.36662481745114e-05,3.04566311627054e-05,2.90457225369116e-05,2.07977719026952e-05,1.47277295600248e-05,2.56078749967991e-05,1.50901524447736e-05,3.05596233215021e-05,2.38451837050076e-05,1.62059222345724e-05,3.5346610110016e-05
3.82871958482401e-05,2.35441038865267e-05,3.67094577096403e-05,2.42068521969981e-05,1.59360426323946e-05,4.01504919043228e-05,1.78098449408079e-05,4.13815787372192e-05,2.97566341149271e-05,5.15695434195086e-05,3.88959200306453e-05,7.34693443917647e-06,3.30750321956178e-05,4.14282342879103e-05,2.16892222522363e-05,4.24524598435171e-05,6.97027553911545e-05,3.16276179983081e-05,2.99877239818835e-05,1.98356421406422e-05,3.91096949638073e-05,3.18193385696781e-05,3.56944783317913e-05,2.28030815430223e-05,1.6912804892514e-05,3.42692231135567e-05,1.47270655617552e-05,2.92167678406888e-05,3.42511530315219e-05,1.58011266377415e-05,4.34081990813772e-05
3.34781295655325e-05,2.05551460763539e-05,3.14671091196732e-05,2.62128472564455e-05,1.88525922832369e-05,3.62687237936422e-05,1.89902298460757e-05,3.67513150343912e-05,2.68497729416211e-05,4.73600485570626e-05,3.35404198341704e-05,7.61913957213255e-06,3.4007163858588e-05,3.80631780822353e-05,2.13970410534259e-05,3.8863562936396e-05,6.47868465797441e-05,2.79291193655716e-05,1.89943313624765e-05,2.09760794738899e-05,5.00758717882711e-05,2.99936106339717e-05,2.96028937528993e-05,2.19070244208889e-05,2.00297000016409e-05,2.83219121288935e-05,1.27381959117439e-05,2.86959509187493e-05,2.53280833391478e-05,1.52854283511826e-05,3.58593068394217e-05
3.3811272536306e-05,2.45740315986535e-05,3.49995041476572e-05,2.35449660917396e-05,1.7773224860623e-05,3.58510396044538e-05,1.67527090630119e-05,3.66047313811047e-05,3.35061749236784e-05,4.80054977317273e-05,3.94980290634742e-05,6.59026710261899e-06,3.61331174569966e-05,4.15835017801406e-05,2.03824985677817e-05,3.86050381386308e-05,5.87605328905006e-05,3.11034385885703e-05,1.81488742635445e-05,2.00707234909976e-05,5.12650479179435e-05,3.13063143548389e-05,3.16084497052541e-05,2.3243674733287e-05,1.90541233225911e-05,3.62205488184147e-05,1.17943612551741e-05,2.89054636526911e-05,2.8917440482357e-05,1.6242413832358e-05,3.66980405065006e-05
2.73675888040325e-05,2.24309937344258e-05,2.41794875285715e-05,2.31219783216152e-05,1.80789865926504e-05,3.51341350562846e-05,1.61824322120293e-05,3.09317823823046e-05,2.83003330566857e-05,4.53779023361316e-05,3.18558896266457e-05,6.6975441128676e-06,3.970051005848e-05,4.22891211594527e-05,1.95212529963034e-05,3.47836632143269e-05,5.55337295123697e-05,2.74197063969238e-05,1.59424746621435e-05,1.97432796606151e-05,7.16694711927954e-05,3.12767834277063e-05,3.21680903761668e-05,2.57629436906614e-05,1.74305329706492e-05,3.07354478588494e-05,9.78769153683853e-06,2.86582303393877e-05,2.70264334956826e-05,1.47989922272765e-05,3.33876885978896e-05
2.28171132939787e-05,2.15690830674134e-05,2.48146628909238e-05,2.96549263277588e-05,1.75065324937439e-05,3.26902968633778e-05,1.64261450460922e-05,2.64638041253875e-05,2.07659041821137e-05,4.41993200267025e-05,2.39774086514857e-05,5.70631128041757e-06,3.78574735426074e-05,3.77916695543821e-05,2.02870764884865e-05,3.46819811807104e-05,6.53523827571359e-05,2.70121749621439e-05,1.38450397604855e-05,2.51191678629178e-05,7.72864440734317e-05,3.20696944116388e-05,2.87842253584816e-05,2.57139834289149e-05,1.74857561469193e-05,2.32851576239467e-05,8.83619539423765e-06,2.71934826324072e-05,1.94427107546808e-05,1.35847631414196e-05,2.48406457648388e-05
3.1191875098288e-05,2.17985214057951e-05,4.73243929887715e-05,2.7506325848326e-05,1.78223396367033e-05,3.21074542138759e-05,1.76772252400267e-05,4.15058094732062e-05,2.9189663044471e-05,6.6571481671315e-05,2.99216820303142e-05,5.98276726894525e-06,4.9838603522371e-05,3.73050715526081e-05,1.84643784646127e-05,3.55557979841315e-05,7.117645302029e-05,3.29485069005732e-05,1.4000188346314e-05,2.25514919298319e-05,4.61137912348338e-05,3.32738878398692e-05,3.52867787534639e-05,3.48439131859039e-05,1.69508316450317e-05,3.43579097026198e-05,8.70174652274602e-06,2.88728911159216e-05,2.63046847017544e-05,2.23405964912816e-05,4.27390954173092e-05
3.0399505864883e-05,2.14544489810074e-05,2.62893386232645e-05,2.76600485755616e-05,1.55215781310433e-05,3.13442924484246e-05,1.66745658693558e-05,3.35749289723751e-05,2.50272974916692e-05,4.40014114011647e-05,3.06883486784178e-05,8.32950895995998e-06,4.75378085084568e-05,3.73070342466381e-05,1.84029842189952e-05,3.40758210501121e-05,6.82993070732412e-05,2.94068355597162e-05,1.4297991441002e-05,2.26197787275382e-05,4.8203943583207e-05,3.33139302012644e-05,3.27218398381502e-05,2.81116727340852e-05,1.48263167430008e-05,2.65117482577223e-05,9.86850162580042e-06,3.58414016952043e-05,2.69961482057498e-05,1.51763786471913e-05,3.22341211599509e-05
3.55987063481133e-05,2.39475811305274e-05,3.99692276459776e-05,2.4498365333062e-05,1.96364465429088e-05,3.16440397054789e-05,2.0069652352163e-05,4.33424906204851e-05,3.52510166863996e-05,4.6249118658416e-05,3.2400114673151e-05,7.31689886323048e-06,5.4583027075523e-05,4.00720351716503e-05,2.19331909663795e-05,3.55421847739629e-05,6.44673638769001e-05,2.94200721988465e-05,1.4801840253873e-05,2.1609714603335e-05,4.52902509439281e-05,3.30781710449152e-05,3.27478957169231e-05,3.16461501483453e-05,1.95498633868513e-05,3.95179661543958e-05,1.38645084159304e-05,0.000115878155425453,2.43391450197815e-05,1.57056817787693e-05,4.20751562040535e-05
3.24811081094066e-05,2.05596622665391e-05,3.41805079180698e-05,2.26180289301099e-05,1.81134012867777e-05,3.70187293935432e-05,3.17328462026901e-05,3.51066348233653e-05,3.08547183959163e-05,6.96037226275376e-05,2.8550131676277e-05,9.30751755792965e-06,4.5010203199126e-05,3.71845912105103e-05,2.8944707677072e-05,3.6695855737475e-05,6.23705358676514e-05,3.29147005365041e-05,1.48936462135685e-05,1.98745556817929e-05,5.52382911657797e-05,3.47040247355492e-05,3.13535435855252e-05,4.3857342820219e-05,2.47445077061448e-05,3.47578011943742e-05,4.22677309032254e-05,0.000155900758483999,2.02916843690561e-05,1.09403394394192e-05,6.07860886051023e-05
4.47377350515921e-05,2.04634641598066e-05,4.01092344809323e-05,2.48698466939692e-05,2.13669404234972e-05,4.17621097589487e-05,3.53587318368945e-05,4.77771094689596e-05,3.17187711934183e-05,0.000134827511643127,4.27567610622106e-05,1.01737396675021e-05,4.25770950852996e-05,4.49717255444435e-05,3.59969985320834e-05,3.73733689271859e-05,5.9075787661737e-05,6.68375772958903e-05,1.64247231289969e-05,2.28674783133778e-05,9.08693881731344e-05,3.48304878773167e-05,3.86682316302983e-05,0.000139407764283745,2.64981244823246e-05,5.01792335719492e-05,2.4315685682658e-05,0.000173616076200541,4.35190706910109e-05,1.05961000679597e-05,7.91335395772291e-05
4.67438145007677e-05,3.99157655437607e-05,5.17308493412282e-05,3.52696481241297e-05,2.22673384472132e-05,4.40660119537696e-05,2.86902189537694e-05,4.99609073750419e-05,4.21683701032152e-05,4.43910087601044e-05,4.65230546848983e-05,9.52874731495479e-06,3.65974637014148e-05,4.71619936928019e-05,3.28005732281199e-05,4.1941535212939e-05,6.14782818964898e-05,2.7268140507417e-05,1.53988981173806e-05,3.31879426594859e-05,5.04771195527741e-05,4.23168678695445e-05,5.15767220739095e-05,4.06141627915545e-05,2.49241889197446e-05,4.16379962991991e-05,3.13758346694097e-05,0.000184402409311999,3.57253230782481e-05,2.01322293776592e-05,4.40383349799026e-05
3.73148784438812e-05,1.94875211879553e-05,3.66451537103511e-05,3.32725072781655e-05,2.18864012990338e-05,4.90661410248434e-05,3.40252326040774e-05,4.33993560125192e-05,3.69630947882195e-05,3.82374726932134e-05,3.31999864425758e-05,9.0006507362482e-06,3.71508250748063e-05,4.04671083385697e-05,3.48566844028841e-05,4.85362560829199e-05,5.65887382145592e-05,2.67146150506169e-05,1.77266946998663e-05,3.10290803712864e-05,5.45894987186327e-05,4.1411687793799e-05,3.87769788586416e-05,4.76887285153669e-05,2.72682424951319e-05,4.04782331873434e-05,2.68622115164201e-05,0.000187148131177113,3.37639482220841e-05,1.53201508147352e-05,3.77096773339346e-05
5.14320198455408e-05,1.83578944185211e-05,5.26448868350705e-05,5.2110650786213e-05,2.14835615182198e-05,5.92492664291239e-05,4.42720984099632e-05,5.15406079500726e-05,5.1678120310562e-05,7.79423801730018e-05,4.59738023946682e-05,1.14269406306887e-05,4.60877271220797e-05,4.13744159375652e-05,4.16317097557836e-05,5.16358814280684e-05,6.2337570949051e-05,3.83970533346741e-05,1.94372428421621e-05,3.37611704101641e-05,7.23270434775317e-05,4.29781949029252e-05,4.39180849718088e-05,8.67918036367997e-05,3.16339843282938e-05,6.45747921866736e-05,4.29098372310833e-05,0.000185250869500128,5.08947015329098e-05,2.71472735878649e-05,7.76515302996877e-05
5.54447142284888e-05,2.34319302809308e-05,4.66130446612862e-05,4.92900570014066e-05,2.86707655420971e-05,6.70638841577557e-05,5.86760945911353e-05,5.29746505197227e-05,6.27616185702413e-05,5.04712506795463e-05,4.03649234593897e-05,1.2262873628161e-05,5.17003817074785e-05,5.99974685081245e-05,5.66333052492238e-05,5.6864614859351e-05,5.55021779175382e-05,3.37320250493268e-05,2.52660382820881e-05,4.41294449672159e-05,6.6817200275732e-05,4.22304794757455e-05,3.92155317390693e-05,6.32406776681622e-05,3.4595523592641e-05,6.18348708619791e-05,9.28437623373113e-05,0.000183996328484069,3.83577791510566e-05,2.39217544341413e-05,4.70794788119353e-05
5.61631391627632e-05,2.31200872350333e-05,4.63808143746338e-05,0.0001606774208319,3.08551545588031e-05,7.39158281737337e-05,6.80213312608954e-05,5.31875108398485e-05,6.67986098645573e-05,4.21936070478976e-05,3.98582927615995e-05,1.26901972107786e-05,5.70365198724724e-05,6.72094604023298e-05,6.23135821242336e-05,6.35932642580705e-05,5.47081639702627e-05,3.44240944555786e-05,3.08239385172613e-05,0.000175671640601907,6.74304612864194e-05,4.20488741155174e-05,3.81587848656388e-05,5.28637064342719e-05,3.61380682053934e-05,6.2886743112127e-05,0.000123814256840761,0.000183415008946521,3.6708194135099e-05,2.40596463626083e-05,4.44283073483694e-05
4.66562388862478e-05,6.06805853970983e-05,3.91062033846457e-05,0.000104183986816074,2.41740469511196e-05,7.21056881120139e-05,5.50332198440171e-05,5.16773173034145e-05,4.0370582386263e-05,4.03791641993241e-05,3.53164149481836e-05,1.09847699153357e-05,7.71585250695144e-05,4.56130107506558e-05,5.14280566530642e-05,0.000118021912592472,5.31244661931557e-05,3.29505565223523e-05,3.36590611670209e-05,0.000107194701058726,5.55657306895229e-05,3.7763496872788e-05,3.99937747365648e-05,5.10406790972996e-05,3.15408211691499e-05,4.72336759615133e-05,4.12685415601839e-05,0.000155396906502213,3.72639104184199e-05,2.78911230230911e-05,4.26918915164424e-05
3.48800635481995e-05,2.57536494471052e-05,4.50277840247765e-05,6.01646540260107e-05,2.2415107688946e-05,6.52962776912976e-05,3.81078728236596e-05,3.89060466114557e-05,3.92511586178585e-05,6.34972519884393e-05,2.79412696064508e-05,9.38796620666873e-06,6.54165625251165e-05,5.1392500278537e-05,3.34892710026605e-05,0.000160162722796942,6.16509360884041e-05,9.15918015527198e-05,3.32971281970077e-05,5.10376856014937e-05,5.06367466938363e-05,3.48342864976932e-05,3.38406094133888e-05,5.16994066934692e-05,2.52137598211709e-05,3.53158986858841e-05,2.89819728113866e-05,0.000562775512576245,3.10619339346195e-05,2.18045818764337e-05,3.94459762470336e-05
5.28551821387487e-05,3.19122590827542e-05,5.10879911499929e-05,5.76255449704987e-05,2.68367094905405e-05,4.96806868719738e-05,3.53598429218076e-05,5.70131345439358e-05,4.13324486514756e-05,4.58847344252814e-05,5.68651597136583e-05,9.61924878787546e-06,8.42984005116293e-05,6.79790123678065e-05,5.03127317182874e-05,0.000140183369142826,6.22920606958749e-05,5.03224218804524e-05,3.14989259709236e-05,5.10376010689638e-05,7.46419914975852e-05,3.63549856891614e-05,3.4168466474216e-05,4.34763320577794e-05,2.55103978072759e-05,4.48437803361054e-05,2.49396582665527e-05,0.000356055650417498,3.80670186341288e-05,2.44047491643914e-05,4.5962255478299e-05
3.25781833015717e-05,3.52114917385027e-05,4.08590474102597e-05,4.84804861611077e-05,2.24860724831911e-05,5.12452615728429e-05,3.43161066517035e-05,4.56042688151027e-05,3.22986525039198e-05,4.49661082315348e-05,3.52937394018439e-05,8.25210619199814e-06,8.84209020823378e-05,4.80422856425771e-05,3.15053522671698e-05,0.000112143506608557,5.79260312385877e-05,5.75285567327283e-05,3.20720472063421e-05,4.27980560762808e-05,6.31902175501045e-05,7.1108120110578e-05,3.67008604464592e-05,7.58022369496501e-05,2.29932386023468e-05,3.02214941627362e-05,1.43296760626632e-05,0.00023617358244102,3.46680904543651e-05,2.28460297433826e-05,3.49264191553882e-05
3.42800982737102e-05,2.91872819565584e-05,4.79408515212694e-05,3.49400914095035e-05,2.16220273362428e-05,4.4132646329883e-05,3.08439123215556e-05,3.95205181580606e-05,3.47108810827715e-05,3.73738967659555e-05,3.28612109214914e-05,7.63315973972115e-06,6.13040367027914e-05,3.46587803493424e-05,2.58409244050721e-05,9.5848737861641e-05,5.72966305657118e-05,6.64542820268595e-05,2.88905750565889e-05,2.86972495519035e-05,6.11334337549492e-05,5.37832860545741e-05,3.35959495632819e-05,6.82805281858111e-05,2.12280324478433e-05,3.77984962734253e-05,1.37568503184478e-05,0.000155521163004692,3.0432069357505e-05,3.98541337821779e-05,3.46880256369874e-05
2.60573551894996e-05,2.35664376196876e-05,3.81416659172043e-05,3.40146500925903e-05,2.04712722114971e-05,4.46311622189948e-05,2.30041293804697e-05,3.1673115835582e-05,2.71423313169093e-05,3.33359455466562e-05,3.00144040036795e-05,7.1883976092883e-06,4.73028663253133e-05,3.34317124448727e-05,2.72410013370593e-05,7.10532064468029e-05,8.7149670258561e-05,5.83619891979057e-05,2.6668150049282e-05,3.20291130604952e-05,5.37844245191524e-05,5.22385888318405e-05,3.0462707375945e-05,6.60774928916203e-05,1.48643613285236e-05,3.75392855911504e-05,2.88446041792747e-05,0.000108339327243632,2.87793535782409e-05,2.41615827887785e-05,2.75353012700556e-05
2.29885695927363e-05,2.35514401136438e-05,3.57384845292687e-05,3.08317969457737e-05,2.2374095255497e-05,4.67448268258564e-05,2.3050125875813e-05,2.77928789924241e-05,2.50313767592462e-05,4.10293618599494e-05,2.91741204261177e-05,7.62095576288304e-06,3.71718094806356e-05,3.16756167062347e-05,3.66960348599717e-05,6.01711148447734e-05,9.71164537657092e-05,5.74113699025427e-05,2.63118322801086e-05,2.73686881571116e-05,6.73309508029793e-05,4.98697407296259e-05,2.72878060475126e-05,7.07604434565303e-05,2.05565048003811e-05,2.60429795437857e-05,1.61912676251936e-05,-1.05139683547038e-05,2.34335960852502e-05,2.87132821707184e-05,2.871462083918e-05
2.33793657954477e-05,2.30296240291811e-05,3.47631529897687e-05,3.05355455233592e-05,2.28692194623059e-05,4.96920307200756e-05,2.11696398229967e-05,2.65808339116771e-05,2.1602044330205e-05,2.86125257868819e-05,2.57987036473836e-05,8.22168091924201e-06,3.69742605014977e-05,2.69284201363122e-05,2.24103224305461e-05,5.28237030002681e-05,8.4700472956859e-05,5.70110484234755e-05,2.70710100492374e-05,2.71714496245756e-05,6.39919930732604e-05,4.84378682658818e-05,2.55168409604046e-05,6.15079675508654e-05,1.31711829483164e-05,2.66302731722194e-05,8.72484729810121e-06,-2.83522159722857e-05,2.15119460141419e-05,2.46923702640411e-05,2.38107185440792e-05
4.32286697424641e-05,2.38661342319859e-05,5.65125607575999e-05,3.68336447829892e-05,3.14310729636045e-05,4.93101005986102e-05,2.353078254594e-05,4.42837598345826e-05,3.630556402314e-05,4.45673064057501e-05,3.72435736481364e-05,8.64819038525662e-06,3.23128542725975e-05,3.31343094674361e-05,3.1797398137712e-05,6.6455020931245e-05,7.90845527553943e-05,5.69001904452396e-05,2.45007582432932e-05,2.746676789237e-05,5.57127245999373e-05,3.9747863130727e-05,3.20797971283299e-05,6.05515884635643e-05,2.02883261045588e-05,3.78867485785523e-05,1.81105024472832e-05,4.08663978688192e-06,2.71187018525209e-05,2.28748281783129e-05,4.08001687780468e-05
2.28564064317279e-05,1.96806818896035e-05,3.4924997296452e-05,4.53808807451218e-05,2.50840371362073e-05,4.6420969641896e-05,1.7011455638402e-05,2.7232762709619e-05,2.22718404980128e-05,3.58083435199589e-05,2.65979686001497e-05,7.0091858578422e-06,2.613382807559e-05,2.82772271406047e-05,2.33327019547632e-05,5.92654195808651e-05,7.08351028526144e-05,4.63830889999201e-05,2.18712702808045e-05,4.1292980424633e-05,5.33011313055594e-05,3.68248389915451e-05,2.40114295769046e-05,5.26187169886323e-05,1.62783403799131e-05,2.54623449173103e-05,9.66214108740945e-06,5.21909241643948e-06,2.44618312242554e-05,2.27193042110324e-05,2.24998353912439e-05
2.2735171097473e-05,1.96840869505162e-05,3.23857698193613e-05,5.33138871879049e-05,2.435379161503e-05,4.20496745434062e-05,1.73481221126854e-05,2.47389260308273e-05,1.73086411439336e-05,2.81463867795287e-05,2.50855539954032e-05,6.98553337791088e-06,2.75001186557236e-05,2.85986525865491e-05,2.34928168117214e-05,5.50917521910571e-05,7.27564217968217e-05,3.90433258299444e-05,2.49452194145569e-05,4.85346007357728e-05,5.00592494712995e-05,3.76816353483481e-05,2.36857579338453e-05,4.70576095330836e-05,1.63609905611e-05,2.06819449717571e-05,1.01880695974526e-05,6.75640492374462e-06,1.94116744897646e-05,2.1077251140862e-05,1.96556291427676e-05
2.69268093152371e-05,2.02199439237759e-05,3.9457048870069e-05,3.63825773743198e-05,2.38169184863439e-05,4.00238145903545e-05,2.26452174328593e-05,3.56567946486968e-05,2.37718241458067e-05,4.67670348891773e-05,3.10857785792518e-05,8.33421137444742e-06,3.03543023471711e-05,2.81934700077449e-05,2.95452829151887e-05,5.42650283255814e-05,7.23061627095199e-05,3.48917685329409e-05,2.38295391721208e-05,3.41416053453818e-05,5.49561442304537e-05,3.96822890582179e-05,3.77147728446238e-05,4.78036133700929e-05,1.78723455752657e-05,2.80599466777504e-05,1.31156670331975e-05,8.1259153261823e-06,2.27565364009279e-05,1.59345813224081e-05,3.59477163105328e-05
1.92063867116815e-05,1.89675579114671e-05,3.46869742262543e-05,3.46517648679435e-05,2.3450556896783e-05,3.50550410374112e-05,1.07214333301075e-05,2.55493300237416e-05,2.14052778587045e-05,3.99961999027138e-05,2.68758174459834e-05,7.23333668192609e-06,2.54147446150002e-05,2.90183600294921e-05,1.60105282535959e-05,7.0277256027437e-05,6.42907925371616e-05,2.80168204608994e-05,2.10345873481677e-05,3.03884252290737e-05,4.61420119786418e-05,3.66738073343556e-05,2.91412019228234e-05,4.85690288388158e-05,1.37266857888486e-05,2.55872524177863e-05,9.20575778172427e-06,1.93741922328956e-05,2.02184081602237e-05,2.00216232006898e-05,2.15764232994426e-05
2.33134671383439e-05,1.9968343781608e-05,4.19417273905016e-05,2.99196908280534e-05,2.99177936767689e-05,4.66644782333065e-05,5.06849355283331e-05,2.80583190893904e-05,3.49396660189589e-05,3.30152205314355e-05,2.82935039902552e-05,1.06801221903156e-05,3.64778475192897e-05,3.33449235661969e-05,7.23494637104164e-05,7.05996763333922e-05,5.84253573088236e-05,2.73620842156828e-05,3.6529659568491e-05,2.63297717001981e-05,6.01904196428792e-05,3.54830807485116e-05,2.84336378475704e-05,3.9962822562705e-05,4.59006136780433e-05,2.92413812222611e-05,5.11035760115847e-05,3.72962036740148e-05,2.21364640336362e-05,2.02780751880733e-05,2.66343880888953e-05
5.05512523156428e-05,1.96213789900104e-05,5.56652820339543e-05,2.93848430188317e-05,4.10400815445518e-05,4.46701115273611e-05,4.30362367904263e-05,6.0201157283246e-05,6.7233840582302e-05,4.50455181303151e-05,4.48845319223118e-05,9.30876150982641e-06,3.04408373720919e-05,3.21271314717075e-05,6.54712086904434e-05,7.32918211155897e-05,5.59904337959925e-05,2.86221261063402e-05,3.81614159951616e-05,2.55660584433997e-05,8.10258424511451e-05,3.74562855110624e-05,3.33397672472116e-05,5.82823853317208e-05,2.87074171464013e-05,3.9803853109274e-05,2.72939932921012e-05,4.95352560880837e-05,3.20592714447678e-05,1.78391448031027e-05,5.42988202260811e-05
8.42287067259531e-05,4.19582602885113e-05,6.70162424186821e-05,4.94467524657075e-05,5.34977764850836e-05,4.62265456011124e-05,0.000136526188712026,6.46775340769236e-05,8.88085953612962e-05,0.000175591207440198,6.78941116115075e-05,2.82920430169547e-05,3.29298105492241e-05,6.15809087926064e-05,0.000132070972937356,8.55615272617204e-05,8.09350770290496e-05,4.13348170700596e-05,3.91636751919337e-05,4.36670409703251e-05,0.000170056666290199,4.70726537715135e-05,9.28478249405812e-05,5.77326176642283e-05,4.94491102958975e-05,7.09212349552214e-05,5.00690524797958e-05,6.08227861382435e-05,0.000607424990880627,1.85875385378683e-05,0.000270592108959637
0.000144189484343493,0.000220681669240712,8.63652920779888e-05,4.80097767131925e-05,9.15437165032211e-05,4.70497541132644e-05,0.000214656173756738,0.00011726043275074,0.000108794268449642,8.15536003630044e-05,0.000105542471842874,6.38411620074675e-05,3.1829618249742e-05,0.000156860631796603,0.000294959372893174,0.000100670410902492,7.66462460326979e-05,4.76218290721377e-05,0.000207882247993869,4.41392645905538e-05,0.00014779628050572,3.95132447176251e-05,9.95569755594656e-05,6.85891780191947e-05,0.000140879287934875,9.37846043068153e-05,0.000582225163120121,0.000121190127666903,1.99461406155365e-05,2.55808618321286e-05,9.02707710834579e-05
0.000438253602067004,0.000160218067278423,0.000329691729904349,5.27093906477307e-05,0.000177152149554623,0.000289079921251585,0.000280386680912397,0.000259730776654871,0.00028428900949699,0.000121397515856217,0.000440157805582171,0.000140860832090033,4.17107882253849e-05,0.000414670194085783,0.000304890930857795,9.46172001416874e-05,8.72689452231304e-05,4.90701642364206e-05,0.000183157532778242,3.84610871161762e-05,0.000471890011541253,0.000105738182347488,0.000263693861464039,0.000212665315620925,0.00015056465422783,0.000224690301151146,0.000147853830801495,0.000158037968633872,0.000249676289215765,2.18814023024888e-05,0.000240423544939439
0.000476252847697027,1.03834143111498e-05,0.000344786962638982,4.18100848878281e-05,0.00020981623635864,0.000383711470059525,0.00115894066367547,0.000451480556364717,0.000390573397134246,0.000364192979052397,0.000271480478605686,0.000390781010066495,4.159957282606e-05,0.000457409317861516,0.000934023798642101,0.000105987247287275,0.000194292954467726,7.93270224759867e-05,0.000144877129491934,3.97804450461322e-05,0.000387297831034528,0.000148635849347129,0.000449578055800314,0.000411783795050446,0.000661601718317869,0.000413820702184744,0.000529754542874253,9.41296247041438e-05,0.000464850470516191,2.81390624663997e-05,0.000621116458220023
0.000748488340439784,0.000519766412834201,0.000841221746746696,6.70056562056093e-05,0.000455793683174481,0.000562722188313635,0.00282959532326836,0.000942711947324032,0.00054738759184073,0.00147281002710148,0.00094301101222482,0.0010131692564852,5.50425041087916e-05,0.000161108733156663,0.00274465732812341,0.000107935295887127,0.000101329070152646,0.000458449722968727,0.000268230783429339,6.68344637782473e-05,0.000627736300637355,0.000349510094660922,0.000696772442425693,0.00196324573694996,0.00116912089616712,0.000790709001241782,0.000630679000140666,0.00014623830924178,0.00178976830386831,3.49860483243246e-05,0.00229163636151088
0.00162789402661156,0.00051410659796713,0.00156787060641034,0.00020649009959934,0.000615392464096489,0.000429132697866937,0.00213406987219193,0.00162415193677625,0.000757252179067109,0.00112062814378056,0.000948501911920099,0.00101024192000889,6.63695409869388e-05,0.000716895958484858,0.00192336753177488,0.000139117158291991,0.000104580014235622,0.000122934158142743,0.000350403307791113,0.000224250674695751,0.000513382780683287,0.000456534791801215,0.000666387475384619,0.00257117716475852,0.000314342675416287,0.000741820776170637,0.0010134344177466,0.000123981108452576,0.00202164412025927,3.60169651588384e-05,0.00210340649925166
0.000959289521808351,0.000363882612782077,0.000593631333133815,0.000177510280756591,0.000421108578290143,0.000939201791709223,0.00219314883611064,0.000869647415573524,0.00109145715281625,0.000902184049340872,0.00105718067562146,0.000642844263610072,5.56790859902683e-05,0.000389376549019747,0.0017176681038871,0.000121977830816933,0.000112578658027842,0.000288954326229765,0.000270405024693095,0.000151186827110284,0.000392665084504283,0.000461748370098563,0.000486920958586726,0.000270832787973392,0.00118055153214592,0.000822559129514226,0.00118249896400673,0.000103640448232559,0.00114135387787591,4.08193247874382e-05,0.000564392752412834
-5.55987931482196e-05,0.000273183253692741,-6.96024847052232e-05,0.000139091395537812,-9.01363735635952e-05,0.000818966029707661,-0.00279880598536801,-0.000491727163440525,4.91209760413293e-05,-7.50875449987598e-05,-0.000182490140546033,0.000222315522229314,5.72471100498381e-05,0.000271661767514965,0.00126682126415886,0.00014730214275535,0.000104042457359249,0.000207111728416781,0.000245557873347532,0.000144138392770988,0.000154581235358916,0.000101471579930549,-5.1425657031374e-05,-0.000930324923414296,0.00126817671182706,-0.000546735928274699,0.00102615776794293,9.63434399954674e-05,0.000301255995696883,3.65147155355673e-05,-0.0004708272435217
0.000219083458564649,0.000298940418887379,0.000199895443058838,6.8193160964678e-05,0.000118871061614663,0.000635628353301649,0.000372701654258964,8.22791152478406e-05,0.0001570666351406,0.000133491083477362,8.36805388742357e-05,7.0262676735941e-05,6.01699277397891e-05,0.000475579128493999,0.000727483568038007,0.000137135757558673,8.78880703101591e-05,0.000185537390610086,0.000184520310177572,7.62351149626061e-05,0.00013773960867712,0.000134049453258235,7.48519505495099e-05,-3.07468470995819e-06,0.000418304119652845,9.53766278390654e-05,0.00042162466727988,9.35072694868742e-05,0.000107527797286173,3.47914345209488e-05,-1.65954521711773e-05
0.000517122653165824,0.000198837754239067,0.000318989058717239,0.000131335399847633,0.000229182992522598,0.000624143914765295,0.000971452104701036,0.000457911089729571,0.000283804792041037,0.00061080074814639,0.000405163497249307,0.000120080543112481,4.63507984377195e-05,0.000336031606557381,0.000824346661351607,0.000119372857691558,8.58981624373799e-05,0.000213124398866247,0.000135924032364311,0.00011858741489818,0.000247385179027134,0.000207984229553625,0.000301144168669988,0.000750290437251946,0.000323083902829369,0.00035457572021139,0.000365516253107869,7.18393584169003e-05,0.00106371133413039,3.81251484497161e-05,0.000777951032183485
0.00245683850527048,0.000931470444049465,0.00115036456220869,0.00027912454189131,0.00100909704461027,0.000610949046555353,0.00550144875599077,0.00181857835677707,0.00121304767363672,0.0105421296748134,0.00188990061956242,0.00348246413225031,6.8211384449873e-05,0.000766168523380278,0.00134011459924331,0.000111138665765366,0.000224385351993738,0.000227060151582571,0.000366577994214428,0.000245501185688911,0.000764407893433601,0.000544566070149834,0.000991479663464004,0.0240686739637259,0.000645664328191074,0.00190786064010623,0.000808517377548907,9.11430445818707e-05,0.011690601624137,9.93434303739871e-05,0.00630993642140023
0.00140534192916043,0.00200241445213414,0.00163685413084156,0.000306495460622192,0.000698177745120852,0.000656749622674536,0.00228527116836545,0.00139070496722585,0.00106800939628435,0.00487402835849632,0.00096122650329652,0.00196524108898135,8.30743506038351e-05,0.0024587251958452,0.00103618906512088,0.000151998020079103,0.000135757994373794,0.000192341829570104,0.000984362619532957,0.000269404495381198,0.000750784252446966,0.000521857711661228,0.000802563323519249,0.0162329584877153,0.000844161999180012,0.00139909393517346,0.00117600047289288,0.000257654139074396,0.00557276074710467,0.000501768339423376,0.00222810336592668
0.00111345147351323,0.00104188520982621,0.000990417055501914,0.000259401352884813,0.000420655595754285,0.00167543865468538,0.00109556360813976,0.00104161453250793,0.000742764103710518,0.00217331642406745,0.000702791033105569,0.000966208248079245,7.91975772252164e-05,0.00140395122380375,0.000705634627854975,0.0001579641512669,0.000124022977883938,0.000172778618813625,0.000522029565970644,0.000302621337377628,0.000515479390546046,0.000455527388532807,0.000463537967123218,0.00257054659888035,0.000549694216814161,0.000881054687934663,0.000785853726090385,0.000126663550921184,0.00231114181180378,0.000156534129658734,0.00144092403361157
0.0017990199008247,0.00142373818155829,0.00161125825946604,0.000682932778485384,0.000926597526002621,0.00249292609992377,0.00291607175263826,0.00216581492562801,0.00166198622194565,0.00187514851137382,0.0017782216725317,0.000487480339590723,0.00013708109314764,0.00172572382282656,0.00191798971969834,0.000373204677743826,0.000173192853343243,0.000344542071177946,0.000578769747031931,0.000654729834859772,0.00101902357244795,0.000732917936590101,0.00116834703569768,0.00161399539595772,0.00135161732505565,0.0018301846812114,0.00170313125370642,0.000149131969782033,0.00183112195415466,0.000243965997851888,0.00267351575192844
0.00459178589759625,0.00447833596579358,0.00229483293937185,0.07265487975437,0.00165027605807172,0.004467597480385,0.00340970937421624,0.00299966453728896,0.00296597536021182,0.00244926304674061,0.00208151179983854,0.00305453963013505,0.0100165739722339,0.00532523021508507,0.00242933959821938,0.00454718917210662,0.00085225770246694,0.000532182321577603,0.00272655455383051,0.080883076416102,0.00154618522409888,0.00127601935080566,0.00153153667444767,0.00239957099077824,0.00198032123527385,0.00300257177751608,0.00271345862038914,0.000309531842675602,0.00264090043545353,0.00127069788404221,0.00351331491433506
0.00400964091242008,0.00508822348867658,0.0030170571843862,0.0194456526258007,0.00180471909836619,0.0037178701667882,0.00441245012954196,0.00379872849781829,0.00252238350361366,0.00891531812369347,0.0030531981439647,0.00414263627441858,0.00202073420984812,0.00474988081986496,0.00593471652337215,0.000701015544853378,0.000633261946445988,0.000479250311528029,0.00420192347006068,0.021980408246263,0.00337630032430294,0.00168266949189351,0.00208896357767794,0.0787292996757947,0.00285265377890659,0.00303656430160771,0.00233934447071831,0.000288049170491656,0.00917318248793447,0.00209061097966161,0.00503911943550638
0.00495272693114206,0.00233033211780201,0.00443783160906619,0.0021582709900444,0.00144432367627944,0.00170143356625322,0.00451381860283735,0.00532416600414837,0.00241650982837467,0.00397290428162214,0.00374159319763484,0.00282939409849296,0.000685048177880921,0.00403465404675743,0.00478659075141123,0.00100952051275687,0.000781407178031452,0.00044544366294123,0.00282944363186936,0.0020976656997468,0.00240761867193325,0.00177983732170716,0.00237887486534218,0.0038735477150455,0.00306032517502139,0.0027847110517014,0.00254279846232186,0.000379433861145665,0.00528868812197676,0.000797527327022728,0.00563056594529671
0.00318363961115504,0.00161356390834896,0.00327594927868566,0.00178804379049323,0.000954584998590894,0.00328281039074203,0.00393929440409799,0.00297939841926451,0.00116252655311818,0.00331707605215293,0.0024300785027969,0.00229915374408817,0.000587353422186417,0.00179828791887268,0.00337639355014777,0.000343455473618545,0.000708919000910918,0.000459558596105658,0.00186765089944491,0.00195083063958868,0.000196453712044983,0.000798269785905764,0.000712482617564884,0.00269874992418242,0.00312817859871576,0.00269437752095327,0.00235134042603549,0.000381586807820915,0.00460458499018991,0.000624164451865082,0.00423068304865117
0.00284426978610477,0.00285849780629628,0.00193057209275784,0.00329592270940331,0.000777034596492849,0.00520294578062173,0.00351717070557283,0.00255543157245041,0.00189694440741024,0.00207826514130387,0.00257980973250523,0.00325194492473717,0.000756952023349852,0.00272663835125445,0.00381012970196308,0.00214269581680378,0.00102321919340279,0.000604744494894534,0.00158071997583172,0.00302799037376477,0.000429810753149403,0.000700300054994513,0.00113436292778429,0.00211413310621257,0.00354324678039442,0.000909261208265184,0.0018791567627569,0.000399143447275587,0.00295597538392809,0.000643518865115698,0.00248612015537431
0.00341856751930095,0.00561981005684754,0.00169824515121864,0.0130809271677506,0.00175186937232328,0.00467545929915472,0.00212660574048178,0.0026701521984979,0.00141560635777878,0.00162179018943602,0.00139529911195447,0.00116575463623267,0.000480622762594663,0.00291517291639799,0.00356165196338089,0.00225792835706567,0.000761776910754306,0.000438459357154069,0.00397279344080974,0.0159147219219239,0.000867352132939926,0.00105474855279444,0.000806854202144755,0.0026269974442033,0.00312432814510748,0.00192989476925639,0.00245448471314921,0.000271045118483006,0.00302344726885368,0.00024938925362568,0.00382351554039989
0.00522557634120929,0.00907001942705914,0.00184396883665758,0.0035040473619199,0.00131926593790711,0.00253143263928515,0.002705745939809,0.00588913905553533,0.00217236890606442,0.0018537384746653,0.00259691649753374,0.000884885041215309,0.000428777854243781,0.00131283682125199,0.00516427029268684,0.00160800115810874,0.000698593001442061,0.000457869431090715,0.0010401985964343,0.00297137327261143,0.00180117904268886,0.00127438737583533,0.00151826921800923,0.00273610078485032,0.0043338305384867,0.00170067875981413,0.000933623112916584,0.00024355513321847,0.00294786003491236,0.000669925501415305,0.00358273331545722
0.000305782119022286,0.00213571388536123,0.000242862405238283,0.00308369813690354,0.000662815266681233,0.00026399069353067,0.000807873358914671,0.000381176556147128,0.000664455888440183,0.00127869614703768,-4.12846792201162e-06,0.000677199807580868,0.000304495938103028,0.000954464635126985,0.00129691480389066,0.000917966824972888,0.00142122936884726,0.000435764905224555,0.00111451918521042,0.0028725790735144,0.000771030975990547,0.000230675093729312,0.000444353803386874,0.00265730700273797,0.000952598507540019,0.000633234260659244,0.000672245712557883,0.000170355864980011,0.00162887990835508,0.00068166358252582,0.00177889717242315
0.00157819935577037,0.00256112631456938,0.0030945090968853,0.00264973023846396,0.0015853061289144,0.000882511109751918,0.00102132782947654,0.00142833021071078,0.00200522433112956,0.00112590430581421,0.00152724787164051,0.000751090521701282,0.000247217864460941,0.00166606342609152,0.00120339651676408,0.00105782261050964,0.0027552257142782,0.000433448813433496,0.00104838079839726,0.00261984614956697,0.000704054656004365,0.00136668595348285,0.0013246148724935,0.00249145453982808,0.00109904100472697,0.0016039543164189,0.0020854846780786,0.000145653243392742,0.00102794666752561,0.000588363569268982,0.00100889312902049
0.00108563513603143,0.00164816941483722,0.00129818461308418,0.00208588464308418,0.000458555790900543,0.000941041002564731,0.000707153002316134,0.00104816067193121,0.000704061103776197,0.00108641866765743,0.000713090984762483,0.000677343289306239,0.00020509571058939,0.000655640063198521,0.000698924544630122,0.000487642349673005,0.0019798852393731,0.000396878876402899,0.000886222853118065,0.00211353218032634,0.000339457135650961,0.000512285082095847,0.000677717122805517,0.00211610437347376,0.000642541639479785,0.000500634491680759,0.00107277118252367,8.95866839968537e-05,0.000587876355268911,0.000757399063367601,0.000659430243483816
0.000446774382807729,0.00129355002718961,0.000717032518389023,0.00196999854467861,0.000210397559059056,0.000667127534065449,0.000437384460796733,0.000440667706104248,0.000463308156856226,0.000832195630740217,0.00047218118142275,0.000632221916806259,0.000149220131380048,0.000641940390808316,0.000378317997125488,0.000295323872447076,0.00140529752558491,0.000355490680526804,0.000919164342461325,0.00190901564862062,0.000294234260198338,0.000312532976089942,0.000340477409280272,0.00145800042858751,-8.33018390567674e-05,0.000424559795419465,0.000423188032974385,8.67058990292819e-05,-1.81948641432599e-05,0.000669066720166989,5.48157021635609e-05
9.68998110191497e-05,0.000341630083676259,0.000777313598200177,0.00114323459907325,0.000300845667159261,0.000741136192582568,-0.000150721302288722,0.000136906190593244,0.000433441402268318,0.000331635894948486,0.000408626789947431,0.000473643326196898,9.40396704031793e-05,0.00068308638600003,-3.44065001442749e-05,0.000113327894726714,0.00112972543640513,0.000259221974452337,0.000580459537201308,0.00116431106261027,0.000505952432547351,0.000342832634648462,0.000432000783855842,0.00106140714853628,-0.000453617101710839,0.000686777785433845,0.000319362951638168,7.01932316716317e-05,-0.000524451707056436,0.000499161621858534,-3.0550926725879e-05
0.000204050592206812,0.000909791028382519,0.000556408210135081,0.000590280640422929,0.000265492495987286,0.000278181509003051,-4.88847486704941e-05,0.00022266171588851,0.000374982017493193,0.000199488627120848,0.000336339527887493,0.000414486676795064,8.60844558445361e-05,0.000301595645905017,6.76102852581671e-05,0.000120816631721288,0.00112597002142163,0.000231831960149633,0.000483141236749526,0.000472505767277516,0.000316376070518106,0.000315394662938388,0.000324749657294473,0.000852260085314499,-0.000183228414053813,0.000278761783960829,0.000175377037254095,5.22010051550016e-05,-0.000445100847933713,0.00033667212595239,-6.67560505975247e-05
7.662597857424e-05,0.000608220180944322,0.000341724642292462,0.00024338993140187,0.000170702893133618,0.00032765599524894,-0.000182434930784799,0.000122032847132719,0.000261610740703058,0.000348422561867259,0.000266727140471201,0.000232651313175553,7.79759669588259e-05,0.000146483959067644,-1.46583316903857e-05,-8.17930477555632e-05,0.000574558911380566,0.000186370581594745,0.000423733432761142,0.000174133113988719,0.000270100355328202,0.000203345532579029,0.000230712729122195,0.000771983572873704,-0.000136518322089243,0.000260162985844154,0.000211779738173958,5.43514286003599e-05,-0.000162933357214434,0.000210270699435248,0.000378798526995555
0.000183212432660344,0.000788893788978053,0.000449325886103129,3.63979222998966e-05,0.00029322627962846,0.000698374872938338,8.99645404245439e-05,0.000206242894500127,0.000360043922818441,0.000310809582929256,0.000354235785487182,0.000200530560667244,5.68304143342751e-05,0.0004424648089012,0.000244298996745554,0.000190738249681382,0.000346551625914742,0.000180258818537194,0.000434046807739069,-3.99591435523123e-05,0.000269379940445825,0.000301318187734962,0.000325055482786657,0.000774777685685473,0.000392505226730879,0.000347873209904453,0.000235097269592074,6.53594915630858e-05,-0.000138923527163005,-6.83180936373554e-05,0.000167060961600323
5.1338380840002e-05,0.000518448302754005,0.000228666064953223,5.34984919776924e-05,6.51874055859066e-05,0.000728740999135943,1.63054028632874e-05,4.7977888778694e-05,0.000164049400246107,0.000121945356331144,0.000127323987681762,0.000142093900110172,6.48941765011691e-05,0.000141214207876982,0.00011384515681561,8.87839085072473e-05,0.000564370409539267,0.000178372269817412,0.000256147135070972,-7.95801828295486e-05,0.000165012437965149,0.000131597456709435,0.000199826455526911,0.00078346828403519,0.000103285667078102,0.000119746170295578,0.000260986136936657,5.54315049211709e-05,-0.000158950400359971,3.47181651249657e-05,2.2782464895662e-05
-5.56326526156109e-06,0.000463066098426484,0.000173497258658319,0.00028070135809172,6.84125483402771e-05,0.000246689638643922,2.4672512771149e-05,9.04343478659445e-07,0.000100946903754261,0.000251230236125427,9.46922375148063e-05,0.000111276886220443,7.69101923860541e-05,0.000162130900289221,7.8371886993309e-05,8.844374649929e-05,0.000456132611371664,0.000219167713955895,0.000397748159974707,0.000274940218331161,0.000190445143057054,0.000114028765623578,0.000135408352098949,0.00074526148302375,5.97523202595587e-05,8.93266662356418e-05,0.000475662921134162,4.9549984558222e-05,4.29988691612693e-05,7.68542383942907e-08,0.000239470195907484
0.000241020542418142,0.000554404943791601,0.000222329930350177,0.000249895493600078,0.000175478281889355,0.000593303657812336,0.000227041110794161,0.000305475313421789,0.00033794732777508,0.00051946172689473,0.000269698178226751,0.000138699651969908,7.53072920283259e-05,0.000311659205880906,0.000236850288884976,0.000134443352166595,0.000348165874812278,0.000260123797730449,0.000427997538415317,0.000322754886001883,0.000240391766685755,0.000198196991158026,0.000240314600765762,0.000697451855961478,0.000402818398428551,0.000275717700079766,0.000431422192354699,4.39602581906531e-05,0.000142160554462061,3.2908463614546e-05,0.000556227037439937
0.000105135339802418,0.000413895416448255,0.000164880806881702,0.000513892001504963,7.22650450644486e-05,0.000222173038465151,0.00017762313671467,0.000181338034104712,0.000137630484309315,0.000403903067187987,0.000139513502812765,0.000138361378047356,7.31474605037599e-05,8.6508721623288e-05,0.000126809404004995,0.000133538977690211,0.000297053988461863,0.000264528325464056,0.000440177858026054,0.000460806875513227,0.000112720898701346,0.000105908581977526,0.00011797714727846,0.000603515327992988,0.000151282498687801,0.000128756556975648,0.000424595585674141,3.58273486073784e-05,7.32625488398412e-05,7.86906851372984e-05,0.000149092103290871
0.00021501639374966,0.000366001568656181,0.00037793692842185,0.000493202305883533,0.000208563702007379,0.000448135679560033,0.00016203452329643,0.000391386608844971,0.000353994704602638,0.000406768057799584,0.000207985579527236,0.000127096024797583,6.5531547799138e-05,0.000262346088719847,0.000168585994816883,-3.34980657341896e-05,0.00038258945110877,0.000243885228384484,0.000272184811056416,0.000535493446892432,0.000111588425877755,0.000146757377449359,7.77564197306942e-05,0.000527496614148487,0.000363583569093648,0.000282331408534497,0.000136152458407068,2.92309694607193e-05,8.11133523578884e-05,0.000105376026666412,0.000309732024143537
0.000262131650843764,0.000386649648069296,0.000416740594707006,0.000419938655748063,0.000214246677609718,0.000454581198935939,0.000189221285337989,0.000459093110597367,0.000369593356761018,0.000470644694665457,0.000229611186192924,0.000170225091342628,6.09401892206083e-05,0.000269132855161601,0.000183971851840108,-1.22347610966013e-05,0.000290562077949218,0.000225703260651155,0.000232052368323209,0.000438485976464943,0.000110068163758347,0.000152923930407214,7.5447753508674e-05,0.000476654189728726,0.000393242395375373,0.000296029011512744,0.00013309562360262,3.70368402800022e-05,0.000100722022287238,9.10822325584553e-05,0.000349587995727277
0.000314749208482335,0.000410447178988435,0.00045083307884444,0.000336143731508822,0.000219743767418254,0.000486897412596746,0.000223141258077095,0.000522806185653077,0.000386024120720381,0.000448014072468489,0.000255386024610107,0.000254343000563099,5.36816901015499e-05,0.000279520852117627,0.000169564794850258,-3.05558489204544e-05,0.000284652189631807,0.0001730625351861,0.000185783337717389,0.000299007435169,0.000109344533923914,0.000159307525460615,7.58221516471344e-05,0.000432754509482674,0.000240534937846399,0.000310976705983534,0.000158095214980971,3.64167224489417e-05,8.45237263906832e-05,7.14289112178311e-05,0.000377430542978003
0.000215314731462902,0.00025413849508204,0.000315464778989767,0.000386106604825293,0.000128096605660158,0.000131714633970454,0.000157948311532033,0.000269937167407916,0.000390927123728154,0.000280930367187733,0.00012500508807395,0.000213745472011875,7.02300519192072e-05,0.000154507542455219,0.000110722261936086,-3.51937741806133e-05,0.000243907589466016,0.000129264626459712,0.000183344993198733,0.000288848368246008,0.000191008621681193,7.63551585054882e-05,9.01344012409426e-05,0.000391504592393448,0.00011781559329814,0.000179123686072156,8.78485746415679e-05,4.16189784526742e-05,4.18645598231844e-05,7.87857258021191e-05,0.000158780116806524
0.000224074943122822,0.00024702428110711,0.000268715863222092,0.000283373206891522,0.000104551509151068,0.000184684387263152,0.000204770796137914,0.000295879135255583,0.000275919201308717,0.000292074600739473,0.000214375623376427,0.000227309200525174,6.73866942727255e-05,0.000482125508945508,0.000165024449747549,-3.33975799449552e-05,0.000232530426215965,0.000131764450324373,0.000151386060246615,0.000130599041341914,0.000151234959080741,0.000149126605292205,0.000135113661315543,0.000404038248254585,0.000183483127571977,0.000225986347371914,6.47089039271684e-05,4.3980158147911e-05,5.63061431375407e-05,6.24832362741428e-05,0.000222574786025586
0.000213834309668501,0.000235658192044991,0.000293471973392227,0.000259053764575996,0.000131398858264868,0.000223721596622152,0.000176843844120655,0.000331700178555317,0.000264275018668583,0.000256169427640503,0.000212396643519415,0.000195625154974315,7.01999888750364e-05,0.000357805324298583,0.000199044665581498,-1.58108830411418e-05,0.000182906928106142,0.000138022665899642,0.000121300201978795,0.00013750875640108,0.000150238769673475,0.000185911003746363,0.000138539644792512,0.00040480423075918,0.000261378854807231,0.000189903934281034,7.70688563867617e-05,5.10252703644642e-05,9.88033597365762e-05,6.92647827570346e-05,0.000219875422384919
0.000181515142565681,0.000202365126777091,0.000212102544434438,0.000237655562646679,8.25545152874994e-05,0.000204677964273531,0.000185078739006734,0.000243011379381656,0.000198333171848836,0.000338156947491917,0.000182403362735758,0.000160766808729218,8.25448782915117e-05,0.000225617158098454,0.000161052391866142,-6.85841419304626e-06,0.000577729354863677,0.000182637157047062,0.000151093946141533,0.00012687879352872,9.49971693455575e-05,0.000100447333003467,9.4031254766653e-05,0.00042811363992073,0.000115279961406795,0.000202007558968936,0.000100423117460793,5.0009284371663e-05,0.000212110689643576,6.14521196242321e-05,0.00032374312391925
0.000162313938161202,0.000152041530679635,0.000186607339625071,0.0002603267362479,9.54983365893647e-05,0.000269923935452416,0.000239694178021112,0.000183337317742347,0.000165890391275168,0.00027395546265548,0.000180448813621563,0.00013975906211375,9.47271893156646e-05,0.000362563273435819,0.000155136955444891,4.57895505749847e-05,0.000607186086063662,0.000218110527620701,0.000125840726277332,0.000199636714626873,0.000119226812076856,0.000109980015824885,0.000110841110493117,0.000457201110981344,0.000181566773065651,0.000217722125800857,0.000104855886702042,4.98503591735535e-05,0.000150533247128509,7.29068900147923e-05,0.000167918435995036
