Date,AEX,AORD,BFX,BSESN,BVLG,BVSP,DJI,FCHI,FTMIB,FTSE,GDAXI,GSPTSE,HSI,IBEX,IXIC,KS11,KSE,MXX,N225,NSEI,OMXC20,OMXHPI,OMXSPI,OSEAX,RUT,SMSI,SPX,SSEC,SSMI,STI,STOXX50E
7/3/2019,0.004988153,0.006099927,0.010982953,0.000210676,0.005029677,0.014191723,0.006639213,0.006482597,0.023672754,0.006391508,0.00642597,0.006368371,-0.001676266,0.012090637,0.007511281,-0.01268528,0.016985186,0.002514127,-0.005351637,0.000491166,0.011139611,0.005597415,0.003671259,0.000692246,0.007390603,0.009617198,0.007643095,-0.009592224,0.004540154,-0.000151477,0.008185871
7/4/2019,0.001116734,0.004462485,0.006026229,0.001286194,0.004568551,0.015491029,0,0.000526905,0.009783379,-0.001117443,0.001454599,0.000743547,0.000540445,0.000702258,0,0.005172224,-0.010618507,-0.000755184,0.002966735,0.00206697,-0.006315637,0.003721975,0.002589019,0.00781551,0,-0.001462143,0,-0.003197611,-3.08E-05,0.001356536,0.001194603
7/5/2019,-0.00605225,0.00444266,-0.004234857,-0.010337696,-0.004092801,0.004364418,-0.001446198,-0.005406827,-0.006117486,-0.006642289,-0.005493551,-0.002828786,-0.001750128,-0.00704529,-0.001033552,0.00118579,-0.01213425,-0.001091266,0.00202215,-0.011508421,-0.010622055,-0.004081237,-0.009445455,-0.002578142,0.002279348,-0.00488931,-0.001807534,0.001987961,-0.00858013,-0.001944841,-0.005096169
7/8/2019,-0.001492446,-0.01020492,-0.009454562,-0.018423273,-0.001939076,0.004225398,-0.004426161,-0.000350757,-0.000445387,0.000276707,-0.001430729,-0.004789595,-0.01628441,-0.005402872,-0.007799342,-0.020168365,-0.010969675,0.002575583,-0.009797972,-0.020321344,-0.00288711,-0.004644075,0.005607476,0.006960866,-0.00913432,-0.003982219,-0.004847173,-0.025997596,0.001456822,-0.010592038,-0.000417105
7/9/2019,-0.005338326,-0.003686954,-0.006377239,-0.000389247,-0.000931462,0,-0.000804931,-0.002544882,-0.004096018,-0.002107019,-0.008618786,0.004984232,-0.006676814,-0.00116386,0.005338154,-0.00640034,0.002595493,-0.018955283,0.001429251,-0.000977648,-0.002905333,-0.00966223,-0.005398037,-0.008683327,0.000777918,-0.004084067,0.001235793,-0.001985798,-0.003350355,6.31E-05,-0.003978319
7/10/2019,-0.001201966,0.00498673,0.000972835,-0.004651437,-0.001767425,0.012235538,0.002701438,-0.000899425,0.007229074,-0.000524131,-0.005163508,0.001092167,0.002825555,-0.002266987,0.007440323,0.004080766,0.000620653,0.001065342,-0.001469653,-0.005094016,0.001822975,0.000898563,-0.002742291,0.001114873,0.001566483,-0.001397339,0.004500547,-0.004617277,-0.002390083,0.003729479,-0.002513435
7/11/2019,0.003143268,0.004976673,-0.0042719,0.006182513,0.008005842,-0.006357709,0.00847879,-0.002344819,0.005629857,-0.002949539,-0.003062306,-0.002138939,0.008174404,0.002956795,-0.000791288,0.012047526,0.00162322,0.001550853,0.005097631,0.007074274,-0.008264428,0.000498616,-0.004257358,0.002367512,-0.004599241,0.003757627,0.00228262,0.001118356,-0.005856578,0.003322014,-0.00096883
7/12/2019,-1.76E-05,-0.003236439,0.000296551,-0.002044195,0.006717514,-0.011867497,0.008885125,0.002594441,0.000598844,-0.001430713,-0.001298825,-0.00240974,0.001643682,0.001389118,0.005851653,-0.000857795,-0.007446068,-0.00456368,0.001955715,-0.002417481,-0.014165916,0.002925822,0.006741871,-0.001527112,0.007775247,0.001349297,0.004609534,0.004695874,-0.011867258,0.000623141,-0.0003918
7/15/2019,0.004661439,-0.005022464,0.013558174,0.004711201,0.005932097,-0.000994662,0.001045577,0.002990616,-0.000209645,0.005371225,0.006481355,0.001375802,0,0.003265807,0,-0.000906516,-0.021065506,0.010244889,0,0.003457923,0.003567861,0.005199477,0.004806272,-0.001701783,-0.005272452,0.003930411,0.000175854,0,0.004659831,-0.001906425,0.003007487
7/16/2019,0.002033661,-0.001719334,0.005534143,0.005586105,-0.000201511,-0.000262841,-0.000881299,0.004930724,0.001172995,0.004548247,0.002212314,-0.000508887,0.004063842,0.005721727,-0.002592711,0.002683588,0.00017169,-0.002495515,0,0.006314353,0.00447446,0.003867704,-0.00406534,-0.009708765,0.000103787,0.00304398,-0.003409585,0.002065364,0.004266733,0.002311705,0.003748814
7/17/2019,0.001994577,0.003066056,-0.004654229,0.002634661,-0.000257374,0.000771754,-0.004190015,-0.007567666,-0.005631914,-0.005957395,-0.006846128,-0.001104084,-0.001052406,-0.009956453,-0.00458204,-0.008164134,-0.001672045,-0.010694189,-0.010043861,0.002158709,0.00090846,-0.009312003,-0.01254067,-0.009524861,-0.007193669,-0.008602341,-0.006552665,-0.002014677,0.009244968,0.000890444,-0.005135761
7/18/2019,-0.000384609,-0.004818072,-0.000982023,-0.007392507,-0.003597752,0.008256759,8.49E-05,-0.003090348,0.000517544,-0.004886334,-0.008497836,0.00060767,-0.004161659,-0.006320963,0.002688679,-0.004007886,-0.019659909,-0.019570413,-0.019896496,-0.007334566,0.000299312,-0.020962517,-0.008974986,-0.008260822,0.00316593,-0.006775822,0.003575598,-0.010455356,0.006830365,-0.001397071,-0.004599802
7/19/2019,-0.000349773,0.008199072,0.007486964,-0.013936438,-0.002134313,-0.012150498,-0.002367435,-0.000785344,-0.020550766,0.001694485,0.001992804,-0.000502726,0.012185037,-0.006001279,-0.00743002,0.014762509,0.00307335,-0.001683991,0.019794485,-0.014211542,-0.00427868,0.00746024,0.012977855,0.00191561,-0.005064056,-0.005866326,-0.006195889,0.007753466,-0.007336427,0.006723149,-0.001751591
7/22/2019,0.006190351,-0.001032281,0.006920027,-0.009915018,-0.003271055,0.004797759,0.000493295,0.002285868,0.004345151,0.000649835,0.002326575,0.001996073,-0.015282415,-0.000763609,0.007051502,-5.25E-05,0.00708392,-0.010375756,-0.002341213,-0.008781885,0.003530233,-0.001406989,0.000633132,0.003156903,-0.001894486,-0.001836229,0.002824702,-0.012803791,-0.001523756,-0.006577095,0.002373958
7/23/2019,0.013862617,0.004636896,0.0127987,-0.000866691,0.004963301,-0.002361432,0.0065791,0.011243174,0.010023348,0.007532753,0.017345264,0.003251587,0.004034383,0.012805702,0.005744707,0.004001778,0.002278184,-0.007730376,0.009484321,-0.000767683,0.000608779,0.013621364,0.010638141,0.009935035,0.006571427,0.013942287,0.006824145,0.004437474,0.00435461,0.004763358,0.014089853
7/24/2019,0.000479929,0.007155901,0.000805408,-0.003445758,0.001835479,0.003996275,-0.00299237,-0.003071313,0.005707296,-0.00780169,0.001919807,0.002416722,0.002636545,0.005168977,0.008459281,-0.009914578,-0.010064484,0.006154271,0.004093663,-0.005323787,0.01192096,0.001533788,-0.005555167,-0.002641765,0.01620659,0.005380009,0.004677193,0.008137072,-0.005783792,-0.000783413,-0.000783399
7/25/2019,-0.007033382,0.005453171,0.003808835,-7.93E-05,-0.003512129,-0.014169902,-0.004413689,-0.003993434,-0.00804986,-0.001328442,-0.011899167,-0.007527305,0.001275604,-0.00427505,-0.010019262,-0.005358819,0.002742449,-0.005362753,0.002161684,-0.000581446,-0.000493058,0.001345452,-0.003850328,-0.011022389,-0.012066946,-0.004265265,-0.005276297,0.0043644,-0.003082156,0.004422381,-0.005520957
7/26/2019,0.002240917,-0.001611043,-0.001503587,0.002471247,-0.003868876,0.00159972,0.00159182,0.005130474,-0.002997188,0.007020584,0.003521058,0.002594852,-0.007092961,-0.006956442,0.011065521,-0.001642758,-0.010716974,-0.005317232,-0.004533035,0.003187137,-0.002528272,-0.006666254,0.00168432,0.004796471,0.011174211,-0.006372905,0.007360536,0.003351333,0.009159929,-0.008008981,0.003391085
7/29/2019,1.72E-05,0.004680795,0.001557053,-0.006345302,0.000967059,0.006434292,0.000992454,-0.000627173,-0.005898926,0.019162777,0.000478783,-0.002354103,-0.008989279,-0.001095349,-0.004437329,-0.018122696,-0.0112647,0.013992271,-0.001911037,-0.009386525,0.001551299,-0.002215196,0.001326024,-0.00337174,-0.006328085,-0.000517632,-0.001617422,-0.001375571,0.000279854,-0.004404156,0.000779402
7/30/2019,-0.010663075,0.002137463,-0.017735762,-0.008929453,-0.016772126,-0.005327813,-0.000686159,-0.017189238,-0.020055786,-0.005390512,-0.022634186,-0.001585037,0.001184875,-0.025141505,-0.002380042,0.004564008,-0.002672983,-0.003961177,0.004270411,-0.010016808,-0.017318649,-0.012959504,-0.006631507,-0.014740172,0.010532658,-0.025598304,-0.002581985,0.003346356,-0.00811033,0.001157409,-0.018364511
7/31/2019,-0.003294551,-0.004265015,0.007752229,0.003177461,-0.000467722,-0.010946707,-0.012541502,0.000949666,0.005621385,-0.007608238,0.003071283,-0.003619431,-0.013477542,-0.001737383,-0.011939445,-0.004539388,0.009977594,-0.008064371,-0.008687371,0.002991748,0.004010231,0.003421584,0.000894331,0.009436557,-0.007098853,-0.001085103,-0.010945207,-0.006510713,0.002921818,-0.012176257,0.000513504
8/1/2019,-0.001957461,-0.003614173,0.004993479,-0.011226136,0.002688797,0.003077505,-0.010465912,0.005697146,0.007853857,-0.002385867,0.004559911,-0.001800901,-0.007336655,0.007462909,-0.007895886,-0.006719061,-0.004251002,-0.010462239,0.000903802,-0.011083529,0.014462918,0.000199186,0.006932324,0.002587594,-0.015102892,0.005997599,-0.009039527,-0.008084249,0,-0.004004838,0.005582453
8/2/2019,-0.030317999,-0.00527775,-0.028573801,0.002020135,-0.021491784,0.005349046,-0.003593915,-0.032928824,-0.024408815,-0.023590797,-0.028951101,-0.00645541,-0.024461667,-0.015678528,-0.013285546,-0.008742812,-0.010168516,-0.010564844,-0.021293307,0.00082304,-0.014663048,-0.010678669,-0.022064278,-0.010896321,-0.011191922,-0.014676374,-0.007309389,-0.014149233,-0.011720484,-0.009455513,-0.03019006
8/5/2019,-0.024516356,-0.01890315,-0.026000877,-0.011894427,-0.010549577,-0.025408595,-0.029425443,-0.023101517,-0.013082872,-0.025010636,-0.018600286,0,-0.027891704,-0.013624061,-0.035354096,-0.026198567,-0.011308575,-0.011000618,-0.017550911,-0.012965093,0,-0.010923336,-0.023051687,-0.022607898,0,-0.013704702,-0.030230182,-0.01630471,-0.021119713,-0.019934071,-0.020211817
8/6/2019,-0.006210221,-0.024322121,-0.00365549,0.006184136,-0.003647752,0.020429122,0.012174943,-0.001677798,-0.006837842,-0.006656165,-0.007534801,-0.007536474,-0.005471947,-0.00890337,0.013782967,-0.013452295,-0.005288033,0.00758638,-0.006535699,0.006677384,-0.014383661,-0.000604093,-0.005961572,0.001765606,-0.02085353,-0.007368442,0.012933024,-0.015745362,-0.004691778,-0.008034518,-0.005550319
8/7/2019,0.0022661,0.006268945,0.004531844,-0.008148743,0.005468286,0.006037509,-0.000973465,0.003892752,-0.004512452,0.00298693,0.004516523,0.007140616,-0.000343185,0.005353739,0.003766675,-0.004171018,-0.024848982,0.015390003,-0.00334535,-0.008511706,0.005729863,-0.004840368,0.002612562,-0.009488988,-0.000875632,0.002063631,0.000766582,-0.003153479,-0.002085096,0.004910676,0.003073874
8/8/2019,0.014166865,0.006516257,0.010341745,0.020467384,0.01671039,0.012884426,0.014324139,0.019601311,0.014611183,0.010024124,0.013954637,0.00852843,0.004809973,0.013954208,0.022178019,0.007178976,-0.01402004,0.000710277,0.003735843,0.019139843,0.018106107,0.015113232,0.013697,0.013471667,0.020861493,0.010615438,0.018588463,0.009181213,0.02255886,-0.005708852,0.016291831
8/9/2019,-0.010814296,0.00439072,-0.008945138,0.005027037,-0.009607377,-0.001144291,-0.003589423,-0.008654059,-0.025115627,-0.003437448,-0.010576729,-0.003859423,-0.006766416,-0.012617341,-0.010003149,0.007210209,-0.007216876,-0.000230191,0.00443189,0.00567259,-0.005178243,0.002101,-0.010618201,-0.005360446,-0.01266479,-0.010011976,-0.006638593,-0.007033159,-0.000162039,0,-0.01010617
8/12/2019,0.002659232,-0.001201021,-0.005877192,0,-0.008769525,-0.020212684,-0.015168978,-0.000714686,-0.002976247,-0.000849466,0.000660697,-0.006358083,-0.00303476,-0.009337968,-0.012100472,0.00242786,0,-0.014629503,0,0,-0.004744529,-0.007104233,-0.000625143,-0.004069017,-0.012338454,-0.007839144,-0.012393809,0.014257724,0.00103537,0,0.000456679
8/13/2019,0.007349867,-0.000646145,0.002675992,-0.016962838,0.001872586,0.013490954,0.0108368,0.010100983,0.01350893,0.002869399,0.006777687,0.006939262,-0.023279308,0.002152862,0.019263847,-0.011190272,0,-0.009595063,-0.011151236,-0.01712896,0.014097483,0.005471964,0.004468772,0.010018539,0.010732085,0.002600811,0.015018346,-0.006138239,0.002682868,-0.009650451,0.009569165
8/14/2019,-0.020773386,0.002102198,-0.020569885,0.008461557,-0.01466816,-0.029885282,-0.026939361,-0.023659729,-0.025600694,-0.017961776,-0.024544212,-0.018823414,0.000574341,-0.020026389,-0.030707343,0.00706146,0,-0.022191575,0.009714853,0.008346963,-0.015821068,-0.024963037,-0.024337654,-0.024869299,-0.028927057,-0.022741009,-0.029730352,0.00418208,-0.016278948,0.002352212,-0.023153997
8/15/2019,-0.000523501,-0.026692977,-0.001621853,0,-0.008415833,-0.01205243,0.003873706,-0.000763135,0,-0.009722535,-0.005497262,-0.002084317,0.008682723,-0.000434252,-0.000942309,0,0,-0.00088264,-0.012151891,0,0.00392385,-0.003613383,-0.002623948,-0.006099795,-0.004083733,-0.000480046,0.002461237,0.002379612,-0.0022834,-0.007009266,-2.44E-05
8/16/2019,0.013596554,-0.001078982,0.016204225,0.002121191,0.014471263,0.007531564,0.01205041,0.011544808,0.014987315,0.008157138,0.011611258,0.008535506,0.008703133,0.017616008,0.016520865,-0.00652129,-0.028622448,0.02012221,0.000644712,0.002593353,0.017243429,0.013533681,0.012437031,0.009157684,0.021752623,0.018150667,0.014323058,0.002996132,0.012633446,-0.002821374,0.013404913
8/19/2019,0.010716485,0.009226135,0.005930712,0.001788158,0.011173667,-0.003383377,0.009477472,0.012935792,0.019148654,0.010958087,0.014189414,0.009506497,0.020465946,0.007228312,0.013437438,0.00689781,0.028442667,0.003905389,0.00704459,0.001140395,-0.001139702,0.0118306,0.011913186,0.017992319,0.010031397,0.006453965,0.012033175,0.020558338,0.009941792,0.004078807,0.012216049
8/20/2019,-0.005509051,0.011833379,-0.008654309,-0.00147429,-0.003398585,-0.002480437,-0.006476351,-0.005803311,-0.011167828,-0.010389207,-0.006009566,-0.005581033,-0.000938724,-0.013255456,-0.0068022,0.012499106,0.026489919,0.00404549,0.005531486,-0.002857967,0.000923651,-0.012564461,0.000421653,-0.001086168,-0.007125743,-0.011989545,-0.007946215,-0.00092818,-0.005586744,0.003441048,-0.006281989
8/21/2019,0.009261947,-0.007396551,0.008921246,-0.007530483,0.007117236,0.019755248,0.009154645,0.016888164,0.017499509,0.010886607,0.012252105,0.005898695,0.000952802,0.009607598,0.008973577,0.000218966,0.02336242,0.011079836,-0.002840485,-0.009488291,0.016143289,0.009394865,0.007258218,0.008549808,0.007888213,0.007385464,0.00821298,0.000220966,0.007876095,-0.00455442,0.012893373
8/22/2019,-0.007171891,0.003780895,-0.004097084,-0.016638675,0.00012675,-0.011832852,0.001986981,-0.008910063,-0.001443931,-0.011676103,-0.005141439,-0.003425396,-0.008683297,0.001710929,-0.003599895,-0.004403799,0.025773537,0.001383172,0.000457735,-0.016905765,0.000512075,-0.001932425,-0.005977485,0.000714526,-0.002595161,0.00110141,-0.000506203,0.000953082,-0.004288175,0.001126162,-0.006914157
8/23/2019,-0.00608061,0.001922917,-0.006091215,0.007998198,-0.010181288,-0.023715929,-0.023981203,-0.008223526,-0.01662053,-0.000830909,-0.008051187,-0.013371091,0.005165262,-0.007704838,-0.030443773,-0.001289596,-0.008601651,-0.00801864,0.004010754,0.009764585,-0.000734378,-0.010991372,-0.00808256,-0.006245342,-0.031210599,-0.004505082,-0.026288881,0.004820964,-0.006239103,-0.00482389,-0.008072036
8/26/2019,0.001344222,-0.01332409,0.001192565,0.02007082,0.001882702,-0.012755542,0.010415388,0.002457158,0.009864799,0,0.002161447,0.003809396,-0.01939177,0.003427865,0.013068526,-0.017584733,-0.038266213,0.006432016,-0.021960784,0.019736161,-0.009537757,-0.005261312,-0.002788216,-0.008456778,0.011277142,0.002048191,0.010923113,-0.011741302,-0.002995767,-0.014655265,0.002385466
8/27/2019,0.004534905,0.00568635,0.002466615,0.004952999,-0.00161681,0.008741044,-0.005068603,0.005275641,0.015094316,-0.003734245,0.00394942,0.005249327,-0.002074784,0.005710023,-0.003416819,0.000833507,0.003802349,0.013839653,0.009580319,0.005204446,0.005799543,0.00351397,0.005890308,0.008145631,-0.01394661,0.002800833,-0.003208322,0.01549943,0.007204454,-0.001706655,0.004388357
8/28/2019,0.005371151,0.005866367,-0.001939587,-0.006223132,0.004692346,0.009386075,0.010166571,-0.000866798,-2.81E-05,0.006271201,-0.000193043,0.005430889,-0.000282478,0.002082768,0.00381744,0.011169424,0.003342666,0.006433594,0.001140331,-0.006380773,-0.004619395,-0.009084043,-0.001388819,0.000289692,0.011485183,0.004129519,0.006524151,-0.004973519,-0.003354253,-0.001078357,0.001120069
8/29/2019,0.010386079,0.000817946,0.010329605,-0.009166536,0.004989037,0.023460455,0.012439866,0.01410789,0.019225445,0.007639311,0.011110862,0.006910826,0.003126613,0.00538159,0.014720413,-0.005742601,-0.017409613,0.021658652,-0.000903265,-0.007575123,0.000750279,0.015049717,0.01565593,0.014272871,0.016272725,0.004771702,0.012607483,-0.001188882,0.008694513,0.00742035,0.012795818
8/30/2019,0.004785042,0.012952126,0.010742834,0.007315698,0.017126002,0.006051619,0.001074483,0.003489235,-0.003523792,0.000766853,0.006500813,0.003508138,-0.001073829,0.002112839,-0.001319254,0.019717829,-0.012178577,0.019817349,0.011827575,0.006578687,0.005304073,0.004553649,0.012040745,0.010572535,-0.001367339,0.000261273,0.000642581,-0.001972554,0.005744521,0.006579333,0.002520917
9/2/2019,0.00469081,-0.002693927,0.001423324,0,0.006973485,-0.005044312,0,0.00435314,0.006035336,0.013706472,0.003365133,0,-0.001756261,0.000294934,0,-0.000101564,0.00550799,0,-0.004074096,0,0.010735383,0.003289746,-0.00244285,-0.001644281,0,0.001690944,0,0.013488825,0.002545478,-0.007127946,0.003400912
9/3/2019,-0.002629157,-0.000914591,-0.003132307,-0.024136681,-0.004822122,-0.009434708,-0.010255266,-0.005928656,-0.002462009,-0.003359476,-0.004109908,-0.002608912,-0.004707122,-0.000714884,-0.011204736,-0.002812341,-0.003777573,-0.018243546,0.000240997,-0.023660301,0.003473405,-0.007537764,-0.001504991,-0.011342436,-0.015110077,-0.001986301,-0.006923009,0.002049737,-0.006915732,0.003112389,-0.004053223
9/4/2019,0.009198582,-0.003185099,0.008345968,0.005721434,0.009529518,0.01513417,0.009033208,0.012998042,0.015697741,0.006769249,0.009847026,0.003020575,0.039265379,0.005366248,0.012961099,0.007256263,0.016750844,0.010916641,0.001161982,0.005644844,0.004622027,0.013521632,0.007732358,0.009170358,0.008414599,0.007030762,0.010783725,0.009116699,0.004322754,0.015022948,0.009731573
9/5/2019,0.009114738,0.012248988,0.007749149,-0.001701748,0.00862893,0.010244782,0.013945408,0.010801878,0.009945412,-0.006427837,0.008573294,0.007629115,-0.003357352,0.015250259,0.01739208,0.015253147,-0.006157046,0.009660896,0.020932796,0.000355206,-0.003371496,0.013009079,0.002493235,0.024693381,0.017438714,0.013247157,0.012925913,0.009273906,0.008892409,0.003444306,0.009123922
9/6/2019,0.001458405,0.004005465,-0.000464421,0.009071746,0.003884435,0.006749566,0.002593951,0.001520636,-0.0003526,0.001745157,0.004583535,-0.002384769,0.006863835,-0.00028923,-0.001695942,-0.000119513,0.010614042,-0.000290515,0.005374431,0.009209631,0.00261057,0.005559593,0.003434406,-0.01011483,-0.003767029,-0.000534551,0.000910191,0.004982069,0.009049321,0.000260546,0.002758535
9/9/2019,-0.002355589,0.000947096,0.006108657,0.005335137,-0.00455472,0.002378856,0.001615667,-0.001810373,0.001930034,-0.006585342,0.003250268,-0.002436543,0.001465007,0.00227769,-0.001931626,0,0,-0.001427136,0.005590589,0.005768905,-0.017033735,0.006137605,0.000522304,0.001748044,0.01256915,0.003036456,-9.40E-05,0.008083866,-0.001435441,-0.001103018,0.000423715
9/10/2019,0.001494861,-0.006068043,0.007046265,0,0.002047032,-0.001445987,0.002372713,0.000157398,-0.00550496,0.005061765,0.004157633,0.002558094,-0.000543123,0.007474338,-0.000405897,0.011959887,0,-0.002665643,0.003450207,0,-0.019803789,0.002999819,0.003453391,0.007720933,0.012350918,0.008360846,0.000322252,-0.001070953,-0.00387354,0.003739604,0.001587336
9/11/2019,0.00642875,0.002229722,0.002678932,0.001861964,0.001552822,0.004011104,0.008458009,0.004126433,0.001031065,0.009563553,0.00622932,0.0044527,0.017248185,-0.002062026,0.010523523,0.004384648,0.01634279,0.003892504,0.009567911,0.001330412,0.021157885,0.000478668,0.008113996,0.014355921,0.020826674,-0.00235961,0.007203672,-0.00457253,0.007764811,0.013120309,0.004200698
9/12/2019,0.003712261,0.003867903,0.00701074,-0.003492346,0.002457088,0.008905126,0.001954039,0.005793175,0.008714149,0.000773896,0.005401789,0.00179898,-0.000832294,0.002513512,0.003029675,0,0.017226732,-0.000670841,0.007465893,-0.003445458,-0.002109318,0.011284945,0.00686393,-0.004803073,-0.000325569,0.003867283,0.002875016,0.007689908,-0.000445706,-0.001270493,0.007781412
9/13/2019,0.003854506,0.00066537,0.00824399,0.008197106,0.000401665,-0.008367983,0.001116877,0.002486684,0.004438771,0.003926998,0.0053984,0.003070807,0.007763243,0.0061032,-0.002168934,0,4.76E-06,0.003753117,0.01045454,0.009038309,-0.006033157,0.001216469,0.006928508,0.007740407,0.001914063,0.006215728,-0.000724677,0,-0.004642181,0.005259225,0.003343382
9/16/2019,-0.004219892,0.001978707,-0.006540101,-0.007982317,0.005655959,0.001730173,-0.005299132,-0.008292326,-0.009611258,-0.003606987,-0.006720106,0.003533122,-0.007893167,-0.009444915,-0.002837679,0.008663469,0.012788786,0,0,-0.00792792,-0.007865506,0.000988936,-0.00548777,0.016384714,0.004012898,-0.005753977,-0.003140513,-0.000335019,-0.007808586,-0.002301411,-0.009839312
9/17/2019,0.000678467,0.0014741,-0.004765211,-0.015857168,0.002454808,0.008991537,0.001252899,0.000176317,-0.007644795,-0.003527129,-0.001723257,0.004968738,-0.012862624,-0.005294571,0.003974776,0.001562735,-0.001021108,0.013828529,0.000592413,-0.01524767,0.012105149,-0.004466382,-0.001873364,-0.012652334,-0.003871287,-0.008022953,0.002578425,-0.016857412,0.004399892,-0.006373608,0.00113338
9/18/2019,0.003610739,0.000441807,-0.001712034,0.001862129,-0.008708652,-0.000812149,0.001535004,0.002591295,0.006663852,0.000109301,0.00174745,-0.002049054,7.85E-06,0.003049476,-0.001054059,0.004345329,-0.011082044,-0.008716211,-0.001847504,0.00200687,0.00113465,-0.004721989,0.006167237,0.009096333,-0.006300172,0.003682879,0.000342633,0.002485257,0.000513193,-0.005207254,0.002914181
9/19/2019,0.003183284,0.004832382,0.005464983,-0.014169016,0.007475818,-0.001845828,-0.002077833,0.004863853,0.00819227,0.005778654,0.004396662,0.003534163,-0.009638377,0.01148202,0.000670771,0.003268308,0.02155913,-0.001253556,0.003805922,-0.014100691,0.004516121,0.004520226,0.004497532,0.00031837,-0.00446712,0.00930689,2.00E-05,0.004150232,0.004456883,-0.001245185,0.005380774
9/20/2019,-0.001192544,0.002692461,0.008602533,0.052254915,-0.00093104,0.004573042,-0.006049317,0.004863178,-0.000225529,-0.003374318,0.001047228,0.002136535,-0.002100856,0.004695613,-0.008000385,0.005595857,-0.002060091,0.011624186,0.001570137,0.052687839,0.008301913,0.001916692,-0.001189957,0.005802408,-0.001194135,0.004942269,-0.004907599,0.003004219,-0.000666025,0.001403092,0.005416384
9/23/2019,-0.005618869,0.003238893,-0.011011785,0.026904331,-0.007189773,-0.001714734,0.000847085,-0.009078924,-0.010147934,-0.001163239,-0.009751433,-0.001695938,-0.008654266,-0.00934744,-0.000642262,0.001028415,-0.013191169,-0.001100572,0,0.028670363,0.000363553,-0.009785441,-0.015857728,-0.008412049,-0.000860456,-0.009755215,-9.69E-05,-0.010069584,-0.005879222,-0.006482029,-0.009594842
9/24/2019,6.96E-05,-0.000466221,-0.0044117,0.001280561,-0.000383455,-0.007310447,-0.005055638,-0.000847063,5.16E-05,-0.004973658,-0.002471666,-0.004091431,0.002946988,0.002701611,-0.014756799,0.003793586,0.002869627,-0.009712965,0,-0.00130219,0.004285687,-0.003971079,0.000290285,-0.007558464,-0.015800204,0.002776575,-0.008451989,0.002931645,-0.000668398,0.002932572,-0.000854203
9/25/2019,-0.004287065,-0.006462011,-0.000802491,-0.014027515,-0.013662976,0.005810438,0.005803016,-0.008974496,-0.005163298,-0.001082541,-0.007017607,-0.000836147,-0.013635043,-0.003614736,0.010423459,-0.010817387,-0.006351093,-0.000145125,-0.002673064,-0.013649509,-0.008196022,-0.006727611,-0.010503719,-0.013812025,0.010935961,-0.005560882,0.006139685,-0.010156667,-0.007625054,-0.011016138,-0.007093678
9/26/2019,0.008590461,-0.00516151,0.006112593,0.012068391,0.004717734,0.007992592,-0.002657859,0.007420571,0.007291527,0.009762119,0.004512957,0.000363965,0.004213816,0.004875155,-0.005801217,-0.002115832,-0.006240825,-0.001841317,0.001274837,0.012933013,0.004283318,0.003864899,0.007047085,0.000682424,-0.011253319,0.005440321,-0.002431871,-0.008922799,0.009624912,0.002090179,0.006663472
9/27/2019,0.000692365,0.005234844,0.003119192,-0.005151474,0.004999281,-0.002298227,-0.002798768,0.002651239,0.003172066,0.009212564,0.007004709,-0.005741748,-0.004326063,0.005940829,-0.011400544,-0.010734614,0.009486199,-0.002429902,-0.007710078,-0.005846071,-0.003928073,0.01092385,0.007511803,0.003821104,-0.00844193,0.004538379,-0.005330535,0.001214511,0.002703443,-0.00181145,0.002826913
9/30/2019,0.004006291,-0.000190679,0.001465762,-0.003723897,0.004463436,-0.00316753,0,0.007228444,0.004092914,4.18E-05,0.00452174,-0.002137146,0.004463939,0.00656587,0.007492491,0.006334412,0.012625383,0.003956284,-0.005640475,-0.003066586,-0.006800323,0.004819817,0.0023259,0.002016446,0.001898207,0.007846928,0.00503491,-0.009437039,0.004027619,-0.000778715,0.007245532
10/1/2019,-0.01037679,0.005193981,-0.012947954,-0.008824952,-0.004353876,-0.006627651,-0.009450181,-0.012577221,-0.008181215,-0.008291614,-0.011431221,-0.012745183,0,-0.008549436,-0.011397266,0.003115991,0.002626036,-0.002741526,0.00593021,-0.009621604,-0.012115703,-0.011053495,-0.00625208,0.000617293,-0.019872864,-0.0074433,-0.012334127,0,-0.012562806,0.007705918,-0.011973794
10/2/2019,-0.027398007,-0.01400474,-0.027188825,0,-0.013868187,-0.029472473,-0.018562035,-0.030735363,-0.029120309,-0.032465506,-0.027335562,-0.00834533,-0.000960538,-0.028068972,-0.015731119,-0.016291566,0.005436533,-0.017666656,-0.004884142,0,-0.024781151,-0.020721622,-0.025274402,-0.021835264,-0.009179325,-0.027667739,-0.018065404,0,-0.019869547,-0.014393164,-0.02996178
10/3/2019,-7.16E-05,-0.020618671,0.003617349,-0.00617965,-0.006278436,0.00478506,0.004572163,0.001347681,0.000622862,-0.006926483,0,0.003553247,0.003952268,-0.001122687,0.011115419,0,0.011272621,0.007653199,-0.020263516,-0.004783865,0.003863443,-0.010050237,-0.003793751,-0.014969731,0.004509276,-0.001627157,0.007940305,0,0.000383253,-0.003906255,-0.000646096
10/4/2019,0.009211072,0.003468613,0.007331523,-0.012008541,0.010383267,0.010146541,0.013889386,0.00665289,0.007429803,0.01009355,0.003467675,0.004894828,-0.011019389,0.006672619,0.013902566,-0.002221928,0.007276983,0.019611854,0.003202664,-0.013280467,0.012843722,0.005330589,0.004372316,0.014307767,0.009517525,0.00259098,0.014116785,0,0.006869483,-0.00261159,0.006183612
10/7/2019,0.009548676,0.00600386,0.00504097,-0.004017685,0.006854391,-0.019481811,-0.003520021,0.007752357,0.008427651,0.006732146,0.007298405,0,0,0.00914149,-0.003285075,-0.005175747,0.017689861,-0.009110766,-0.001633733,-0.003940087,0.009325404,0.00867734,0.012122157,0.015930376,-0.001932513,0.009232379,-0.004488352,0,0.008746987,0.007514598,0.007897467
10/8/2019,-0.009601881,0.003913081,-0.008857228,0,-0.007135743,-0.005897376,-0.011951363,-0.010376729,-0.011446113,-0.005217297,-0.008034687,-0.009492089,0.00244056,-0.011565837,-0.016795755,0.008702966,-0.003901966,-0.009976569,0.009893703,0,-0.007679784,-0.004578862,-0.00600986,-0.011707541,-0.01695893,-0.008090443,-0.015683159,0.00282241,-0.011547076,0.002328335,-0.008563261
10/9/2019,0.002692173,-0.006340303,0.003017549,0.018765472,-0.000730621,0.012596488,0.007005234,0.005518534,0.00595772,0.000876558,0.008317643,0.005259269,-0.007249761,0.005777485,0.01016876,0,0.003520111,-0.000706871,-0.006105377,0.017794944,0.000275648,0.002773749,0.008374409,-0.001185549,0.004771986,0.003451457,0.009063296,0.003886448,0.00312056,-0.005033814,0.006103441
10/10/2019,0.00603102,-0.002057259,0.014892521,-0.007921101,0.005207047,0.005597705,0.00592654,0.01403788,0.010291144,0.004128178,0.007883046,0.002610164,-0.000256768,0.012433641,0.00593397,0.000681411,0.014213092,0.008864439,0.004445655,-0.00712362,-0.006438447,0.008960837,0.003820366,0.009159115,0.003969207,0.012246024,0.006395203,0.007573157,0.007312326,-0.001533554,0.010698733
10/11/2019,0.013741781,0.009857307,0.018282243,0.005308604,0.010710324,0.019595077,0.011618578,0.016109915,0.0186223,0.005833853,0.025301639,-0.000458008,0.022695772,0.018435343,0.013275831,0.004908105,0.013691214,0.007874522,0.011390442,0.005501223,0.006349855,0.016880594,0.012144037,0.008934173,0.017603032,0.01656054,0.01087958,0.008758276,0.011482822,0.007731112,0.019465438
10/14/2019,-0.003126359,0.005728974,-0.004378917,0.002397863,-0.006322788,0.004513073,-0.000920921,-0.003807324,-0.003045416,-0.003808722,-0.001230723,0,0.008698193,-0.002948097,-0.001041868,0.008110896,-0.009650862,0.001820685,0,0.002523084,0.012832727,-0.007449541,0.000689053,-0.013010502,-0.004282229,-0.002603518,-0.001388082,0.011717175,-0.005319899,0.003627195,-0.002935292
10/15/2019,0.008987929,0.001183257,0.012701764,0.008243294,0.002688321,0.001800652,0.008758364,0.012466483,0.012028048,0.001301191,0.013134357,0.00019675,-0.000537465,0.011783394,0.01235489,0.000406241,-0.003156963,-0.001330913,0.018558877,0.008857547,0.007841203,0.008723137,0.009692408,0.004168316,0.01176109,0.012789485,0.009906446,-0.005574134,0.008445565,-0.002907766,0.013506507
10/16/2019,-0.003748137,0.01101085,0.002219993,0.002611811,-0.00111013,0.008891769,-0.000545989,-0.001652194,0.002801752,-0.006535499,0.003323608,0.000535232,0.004600016,0.003265319,-0.003013849,0.00540564,0.003526649,0.006461136,0.011894018,0.003576087,-0.006335961,0.00126458,0.001268352,0.00569686,0.001199573,0.004611434,-0.002001545,-0.004780165,-0.001619422,0.006655812,0.000269166
10/17/2019,-0.001437342,-0.007204357,0.004805918,0.010915287,0.000403542,-0.003868402,0.000812028,-0.002522973,-0.002339983,0.003221681,0.000185197,-5.36E-05,0.007721223,-0.004987562,0.00401314,-0.002556924,-0.0094431,-0.00138669,-0.000937567,0.009608014,0.001745184,0.004998229,0.003621788,0.005593853,0.010943932,-0.004386253,0.002759022,-0.0001724,-0.002350133,-0.003498378,-0.001702237
10/18/2019,-0.006502448,-0.005241373,-0.006890177,0.006640076,-0.005749387,-0.002735518,-0.009553906,-0.009025432,-0.002411772,-0.005070305,-0.002971226,-0.00299847,-0.004698208,-0.001092695,-0.008286193,-0.007525619,-0.001841047,-0.007110298,0.001816461,0.006836185,-0.011231969,0.000475122,0.004944892,-0.001729536,-0.004162893,-0.001845831,-0.003927046,-0.012557749,-0.004124815,-0.003292287,-0.004400901
10/21/2019,0.004820041,-5.92E-05,0.007637865,0,0.00477936,0.01227425,0.001998171,0.003322268,0.00698307,0.000924042,0.008320802,0.002520464,0.001166339,0.007740762,0.009037916,0.001611518,-0.020067987,0.006155515,0.002496361,0,0.008098158,0.007171867,0.008743105,0.005481734,0.009526084,0.00824758,0.006848114,1.25E-05,0.002372846,0.008842458,0.00599215
10/22/2019,-0.000312511,0.004254508,-0.005813901,-0.008980592,0.004279799,0.012735021,-0.001308155,-0.00040849,0.000395416,0.006549841,0.000275074,-0.001641575,0.000423616,-0.002353214,-0.007215988,0.011894083,0.002342321,-0.00087454,0,-0.006180226,0.011506984,0.002374033,0.001680411,0.001317994,0.000487652,-0.001908754,-0.003575049,0.004995128,0.002591865,0.006914429,0.000116537
10/23/2019,0.000503442,-0.002390933,-0.001674944,0.00321971,0.006729304,0.001511972,0.001561978,0.000265272,-0.006066727,0.006585711,0.003419173,-0.003397152,-0.00822842,0.000511564,0.001910493,-0.003803053,0.007734395,0.002994225,0.003386001,0.002120288,-0.000384323,0.00609989,0.000124363,-0.006931335,0.001247811,0.001248033,0.002843104,-0.004287658,0.000392242,-0.006729846,0.000948435
10/24/2019,0.01085757,0.003952283,0.009074838,-0.001395447,0.005979732,-0.005196867,-0.000984717,0.004368622,0.007859039,0.008849148,0.005602884,0.002041875,0.009005269,0.000724277,0.008095796,0.003213375,0.007060358,0.006676836,0.005519234,-0.002530212,0.005204626,-0.014863172,0.005734938,0.016736414,-0.001726431,0.002034047,0.001918604,-0.000318492,0.008470918,0.007769214,0.003806862
10/25/2019,0.001972404,0.006615983,-0.01009447,0.00021422,0.001642249,0.003523401,0.005472435,0.006714985,0.003614381,-0.000853396,0.001222306,0.002146227,-0.003573864,0.004080379,0.006978335,0,-0.001284535,-0.008749763,0.002160684,-0.000928343,0.002186858,0.00374074,0.005471696,-0.003900507,0.005447268,0.002868315,0.00406443,0.004330974,0.008920636,0.004863385,0.000590756
10/27/2019,0,0,0,0,0,0,0,0,0,0,0,0,0,0,0,0,0,0,0,0.004547118,0,0,0,0,0,0,0,0,0,0,0
10/28/2019,0.002413042,0.000482382,0.004743231,0,0.004124463,0.007638978,0.005004931,0.003526263,0.003825221,0.002399939,0.004943799,-0.001034398,0.007815508,0.000296854,0.010002676,0.005432951,0.005596772,0.008034615,0.002954428,0,0.008681006,0.002479466,0.00561007,0.007984194,0.008508069,0.002299327,0.00556582,0.008979271,0.003493907,0,0.001949224
10/29/2019,-0.006017763,0.000540576,-0.001849442,0.020587275,-0.006111496,-0.005847706,-0.00073156,-4.36E-05,-0.000656729,-0.005106945,-0.001173003,0.001866141,-0.005084659,-0.003493894,-0.005918885,-0.00211993,-0.001671485,0.001953285,0.00466217,0.01393852,-0.008576081,-0.002501435,-0.007209947,-0.004322666,0.003289045,-0.006232071,-0.000832752,-0.008552186,0.002431375,0.004173565,-0.002548264
10/30/2019,3.44E-05,-0.008684481,-0.000664192,0.005756792,0.005585003,0.007883584,0.004419972,0.003368143,-0.001529338,0.004488069,-0.002460127,0.005060223,-0.004741351,-0.012373943,0.003271734,-0.006141592,-0.00292049,-0.00249884,-0.005718822,0.005067564,0.010182431,0.003030386,0.004102239,-0.001684433,-0.002746605,-0.013768916,0.003248089,-0.00496321,-0.000267152,0.00324277,-0.000814939
10/31/2019,-0.0065212,-0.002980628,0.002110604,0.001961819,0.004685824,-0.011016431,-0.005272965,-0.000981783,0.002103669,-0.008986741,-0.000834568,-0.00110779,0.008550564,-0.002912309,-0.001399707,0.006208505,0.014053147,-0.009286817,0.003667022,0.002608355,-0.008095752,-0.007523367,-0.007247914,-0.008817162,-0.006663195,9.72E-05,-0.003027439,-0.004296835,-0.003482427,0.007798195,-0.000439514
11/1/2019,0.004576193,0.001904495,0.006073276,0.001106981,-0.001088549,0.009059765,0.011028529,0.000891465,0.010544041,0.002879724,0.004210666,0.006706149,0.008554876,0.007586596,0.011276499,0.00328757,0.006210207,0.010952719,-0.003332185,0.001539063,0.024176867,0.005442466,0.002745305,0.008008823,0.017106737,0.002437053,0.00961593,0.009993004,0.00317326,-0.001548582,0.00092027
11/4/2019,0.008970516,0.002224695,0.00935865,0.003334191,0.014856406,0.003924426,0.004306143,0.011197869,0.01630932,0.010422981,0.013264343,0.004553896,0.016346729,0.009432262,0.005565189,0.013818772,0.025450165,9.97E-05,0,0.003828956,0.005540591,0.012118439,0.016300267,0.004889937,0.005072073,0.010606144,0.003697246,0.006514576,0.008259962,0.002930988,0.011709626
11/5/2019,0.008619937,0.003261783,0.007230975,-0.002030635,0.003184109,-0.002010285,0.001062642,0.004026599,0.002287674,0.003663179,0.001564264,0.000726199,0.003348675,-0.000903088,0.000175481,0.006168594,0.00319229,-0.005026198,0.017405905,-0.002225133,-0.008033662,0.002397923,-0.001470912,0.000625698,0.001420339,0.000777634,-0.001186403,0.005339041,-0.006194163,0.002934748,0.003488493
11/6/2019,0.006294583,-0.006475182,-0.000666526,0.005486204,0.002202829,-0.000597949,-3.82E-05,0.002419463,0.00035945,-0.000722628,0.001923238,0.003812428,0.001275015,-0.0010103,-0.002855634,0.002341299,0.008297519,0.005640584,0.002226576,0.003551152,-0.002798144,-0.003971814,-0.001153981,0.00075429,-0.006250507,-0.002142618,0.000702251,-0.004927614,0.004392179,0.004593101,0.002613834
11/7/2019,0.003828206,0.008819436,0.00509011,0.005333136,0.005462148,0.009743574,0.006806711,0.004316888,0.005538426,0.001240597,0.008205217,0.003583164,0.004891022,0.005189462,0.00283619,-0.002275929,0.003511099,0.005109416,0.001136507,0.00459606,0.010332744,0.003314376,0.001002217,0.00774807,0.002824536,0.005735309,0.002726375,0.000182799,0.000831195,0.006082355,0.004918378
11/8/2019,-0.000620249,-0.001112836,-0.000805652,-0.008724236,0.00267248,-0.018316454,-8.42E-05,-0.001316081,0.001337656,-0.005002901,-0.00433426,0.004255544,-0.005958972,-0.005689693,0.004825132,-0.002056518,0.004104908,-0.008163394,0.002634724,-0.00923014,0.014919213,-0.00087657,0.004875252,-0.003165106,0.002964819,-0.005628603,0.002557403,-0.004300629,-0.001700911,-0.005518128,-0.00234925
11/11/2019,0.001122871,0.006411074,0.000570737,0.000385977,0,0.00741426,0.000532056,0.003688806,-0.001895186,-0.00478636,-0.001128901,0.00032168,-0.026639388,-0.000553737,-0.001302865,-0.000692689,0.022163164,-0.003398417,-0.002569575,0.000608767,-0.000309696,-0.000528375,-0.000906632,0.002278703,-0.002584628,0.001886823,-0.001964395,-0.018632851,-0.000384196,-0.00754212,0.001255062
11/12/2019,0.005112366,-0.002755084,0.007638651,0,0.000376542,-0.013829344,5.06E-06,0.004951317,0.012363481,0.007080148,0.006646834,0.001570184,0.004903065,-0.008750944,0.002573869,0.000622506,-0.000636891,-0.010693776,0.008032597,0,0.00256576,0.003767853,0.004419613,-0.001933111,0.000255742,-0.008223546,0.001563423,0.001218766,0.000862294,0.00669566,0.004783976
11/13/2019,-0.004325432,-0.006046915,-0.006934072,-0.005653051,-0.000489236,-0.006964083,0.003150395,-0.003584212,-0.008602988,-0.002806197,-0.005103616,0.002870612,-0.018870024,-0.012129113,-0.000470292,-0.007278941,0.00985144,-0.001253207,-0.008545761,-0.006518329,0.006078716,-0.008274499,-0.004207992,-0.008168085,-0.003739625,-0.014144752,0.000711282,-0.003220699,-0.001465079,-0.005618252,-0.00468126
11/14/2019,-0.003151457,0.004118218,-0.001611196,0.003875626,-0.004437761,0.004699007,0.000203364,-0.001112855,-0.004125822,-0.00732606,-0.003176781,0.000836424,-0.007877859,-0.00230841,-0.000363655,0.004481645,0.005490338,0.002781257,-0.007676084,0.002944404,-0.005206765,-0.008135484,-0.003072897,0.000149289,-0.000266834,-0.002802879,0.000836693,0.001919534,-0.006412361,-0.003050003,-0.00284479
11/15/2019,0.00519125,0.008678992,0.005674118,0.001836907,0.001152202,0,0.007804111,0.00627134,0.004556631,-0.000464376,0.003575059,0.003311116,0.000115117,0.009558198,0.007263552,0.012542887,0.003743146,0.004222837,0.006966137,0.002091246,0.005775601,0.005406743,0.000363791,-0.003918739,0.004841381,0.008764165,0.007666029,-0.006450307,0.007485669,0.000946589,0.005465868
11/18/2019,-0.001905909,-0.005408248,0.002830155,-0.000664667,0.003024534,-0.001036834,0.001072514,-0.003183129,-0.005296641,0.000864196,-0.003067126,-0.000197336,0.012162037,-0.000367225,0.001065956,0.000287246,0.025423668,0,0.004856166,-8.83E-05,-0.006656638,-0.002173362,0,-0.001389701,-0.002638989,-0.000552286,0.000503026,0.006086028,0.003603545,0.005860617,-0.002612969
11/19/2019,-0.001926315,0.006480603,-0.002087844,0.005338559,-0.002078756,-0.006682322,-0.003590388,-0.00205154,-0.005760256,0.001648255,0.001994361,-0.000805606,0.015650074,0.00012963,0.002420478,-0.003457056,0.003887025,0.006935905,-0.005314145,0.005274336,0.000463323,-0.004922063,-0.004496028,0.000570111,0.00374248,0.001991127,-0.00059277,0.008065491,0.001778585,-0.004995242,-0.001087148
11/20/2019,-0.003695496,-0.011214962,0.000464627,0.002541515,-0.005924349,0,-0.004086693,-0.001399421,0.000966989,-0.007053859,-0.003775534,-0.000328069,-0.006580289,-0.003657081,-0.005138339,-0.010222716,-0.014970307,-0.000847538,-0.006204853,0.003031242,-0.014178147,-0.001101166,-0.003736726,-0.003887196,-0.004112078,-0.002619588,-0.003763257,-0.007183358,0.001925645,-0.002970125,-0.002492456
11/21/2019,-0.00663568,-0.007689801,-0.005548535,-0.002006117,-0.010316094,0.013910869,-0.001910597,-0.001467598,-0.00308804,-0.004734978,-0.001131189,-0.000389943,-0.015420647,-0.001236525,-0.002409567,-0.016969427,-0.023263479,-0.008369911,-0.004762806,-0.002454347,-0.011722051,-0.006253809,-0.005854243,0.00095316,-0.004834918,-0.00105193,-0.001584006,-0.003107462,-0.00457343,-0.011198402,-0.000439533
11/22/2019,0.003416205,0.005402276,0.001387446,-0.004391768,0.000555785,0.010756124,0.003849123,-0.000354922,-0.000858624,0.013016763,0.000348837,-0.002612357,0.00269542,0.004407485,0.001606241,0.002876094,0.016700159,0.005026851,0.003219836,-0.004007501,0.009037659,0.00185593,0.002103502,0.010584009,0.003125858,0.00396336,0.002172574,-0.00603533,0.003002737,0.011833389,-0.000113985
11/25/2019,0.00847306,0.003356175,0.006352963,0.01315061,0,0.001723364,0.006894012,0.006963303,0.008340515,0.009657304,0.006730947,0.004591081,0.016082874,0.007020389,0.013130033,0.010428335,0.012719001,0.001636638,0.007754691,0.013134856,0.019085317,0.004714418,0.009950635,0.004504757,0.020552617,0.007289988,0.007479252,0.007420824,0.009519192,-0.00263861,0.006735307
11/26/2019,0.000987208,0.006620609,0.00110309,-0.001201692,0.000576603,-0.012269144,0.00185926,0.001393935,0.004218404,0.001815336,-0.000292136,0.000220725,-0.001431089,0.000525556,0.001787572,0.004458331,-0.010243356,-0.012494061,0.003450472,-0.002022958,0.008392794,6.71E-05,0.003274814,-0.004276557,0.001392077,-0.00055806,0.002193164,0.000170425,0.003652828,-0.001444726,-0.000134802
11/27/2019,0.000769012,0.010151637,1.28E-05,0.004664425,0.001441561,0.005934363,0.001718065,-0.002246085,-0.002922271,0.002058522,0.002732329,0.003746651,0.000272428,0.004056235,0.006597228,-0.001479203,0.006341545,0.001308714,0.002753623,0.005045614,0.000314487,-8.70E-05,-0.002470278,0.001605853,0.006060608,0.00392128,0.004165736,-0.001735671,0.002123009,-0.000718479,0.000657661
11/28/2019,-0.001270861,0.002012276,0.001610199,0.00216333,-0.0063518,0.00331849,0,-0.002271445,-0.006090891,-0.001629483,-0.003054759,0.00081543,-0.000957538,-0.000395284,0,-0.003299688,0.01644557,0.000729496,-0.001222279,0.003626686,0.001777236,-0.001614171,-0.002080977,-0.004307913,0,-0.00103775,0,-0.004668637,-1.14E-05,-0.003522096,-0.00212818
11/29/2019,0.000669075,-0.001336274,-0.001901846,-0.008435691,-0.003280853,-0.001636523,-0.00408733,-0.000568668,-0.003565964,-0.006862377,0.000251459,-0.004351968,-0.021828023,-0.000748223,-0.004571398,-0.015657506,0.01753308,-0.007137141,-0.004934591,-0.008829997,-0.006062751,-0.003942003,-0.000380208,-0.007218013,0,0.000567151,-0.004019286,-0.005771804,-0.003415411,-0.003725704,0.00067212
12/2/2019,-0.019502024,0.003315848,-0.010952043,8.06E-05,0,0.009687776,-0.009262623,-0.019486536,-0.023082738,-0.010639342,-0.020249151,-0.003452509,0.003697857,-0.021148079,-0.011313462,0.001081795,0.018555664,-0.005636925,0.010063,6.64E-05,0,-0.011017215,-0.010059401,-0.011518415,-0.016311247,-0.020753912,-0.008668484,0.001068887,-0.013895457,-0.000978302,-0.020767652
12/3/2019,-0.005865521,-0.02337185,-0.006740727,-0.002784386,-0.017994882,-0.000973699,-0.010374657,-0.011383635,0.000348839,-0.016199426,0.000978805,-0.005271957,-0.002190991,-0.002252309,-0.005541008,-0.002481248,-0.009987754,-0.005635783,-0.006382124,-0.003925275,-0.001751899,-0.0049466,-0.006118584,-0.01003375,-0.003141748,-0.002602887,-0.006660225,0.003412371,-0.011224832,-0.00545461,-0.005007323
12/4/2019,0.01320438,-0.013186355,0.013220451,0.003240349,0.014132185,0.010319605,0.005392631,0.012627495,0.013007626,0.001573858,0.010982774,0.00030542,-0.012028817,0.014679818,0.005387518,-0.008181787,0.013830496,-0.002508783,-0.010516265,0.003016016,0.007993993,0.011153086,0.015082178,0.0159355,0.007068642,0.013260644,0.006303658,-0.002290111,0.009882667,-0.00362768,0.012984194
12/5/2019,0.00282264,0.00893788,-0.000259618,-0.001837616,0.001498681,0.004877632,0.00102209,0.00201174,-0.002817173,-0.00474582,-0.003829157,-0.002513611,0.005465052,-0.002959829,0.0004702,-0.002920007,0.005410254,0.000618371,0.007100659,-0.002445396,0.004223191,-0.002747431,0.000380625,-0.000977847,0.000577155,-0.001254339,0.001499127,0.007442853,0.002796399,0.005162634,-0.000880448
12/6/2019,0.017517157,0.002971421,0.010268908,-0.007742215,0.008812208,0.005250856,0.011877694,0.008987735,0.009244278,0.013378066,0.006497833,0.008392491,0.010647651,0.014957763,0.009964308,0.007103538,0.004044715,-0.007205551,0.00232818,-0.007837997,0.003956449,0,0.010373144,0.010414671,0.011649915,0.013519819,0.009094246,0.003609856,0.009639309,0.005399281,0.009626296
12/9/2019,-0.000647029,0.004440641,0.003872927,0.001177005,-0.003149142,-0.002248627,-0.003700387,-0.004479488,-0.009788629,-0.001567236,-0.004736278,-0.002717113,0.000760834,-0.00299943,-0.004016823,0.00624027,-0.007100476,0.000889208,0.003261725,0.001911862,-0.003554744,0.004701345,-0.000889231,0.000987664,-0.002531875,-0.003603877,-0.003167834,0.001357537,-0.002774328,-0.003432817,-0.004997593
12/10/2019,-0.004724366,-0.004264399,-0.004585655,-0.005599304,-0.002116094,-0.004367065,-0.000962476,0.001010106,0.007201464,-0.001789983,-0.003310345,-8.85E-06,-0.001351483,-0.003587554,-0.000654832,0.003978199,0.006032312,0.014777699,-0.000875731,-0.006374493,-0.001545216,-0.000774973,-0.003988644,-0.004166777,0.001198805,-0.002950503,-0.001097536,0.00120528,-0.004260185,-0.005828825,-0.000885328
12/11/2019,-0.000567092,0.004849151,-0.001335185,0.004378771,0.001742991,0.00320164,0.000905506,0.003377294,0.001418371,-0.000216178,0.006569467,-0.000654464,0.00592277,0.007630893,0.004385356,0.003801011,-0.00435406,0.013434187,-0.000783299,0.004156226,-0.003339738,0.000656598,0.0040188,-0.004133937,8.81E-05,0.006906585,0.002903937,0.00230958,0.001421438,0.004447985,0.005622794
12/12/2019,0.001900159,-0.004555483,0.003159263,0.003799559,0.006230437,0.013846849,0.007941538,0.004836767,0.010110816,0.009859063,0.006353574,0.00043026,0.013221123,0.008059001,0.007284087,0.014350005,0.001290853,0,0.001407619,0.004874545,0.002015922,0.00545285,0.006986784,0.004764565,0.007965052,0.008363003,0.008538667,-0.003000814,0.004415861,0.006713266,0.005461991
12/13/2019,0.004005157,0.005139894,-6.35E-05,0.010781357,0.003984021,0.000412288,0.00016635,0.004953665,-0.002637828,0.009054533,0.002803119,0.003312519,0.025492087,0.010004202,0.002012469,0.013953153,0.009174825,0.025686292,0.02522015,0.010112705,0.001591944,0.006828547,0.005390688,0.007129391,-0.00416624,0.007663761,7.26E-05,0.017787926,-0.002115837,0.004862426,0.005161538
12/16/2019,0.013950306,0.016729217,0.011180022,-0.001442533,0.0054388,3.43E-05,0.003514238,0.012351254,0.008342116,0.025792959,0.010205677,0.00312571,-0.004334907,0.012149141,0.009043029,0.000549115,0.018912873,0.001584626,-0.002949427,-0.002455381,0.01918004,0.007722367,0.008393815,0.004005995,0.007226642,0.012471006,0.007122361,0.005581483,0,-0.001198595,0.011797896
12/17/2019,-0.009218018,-0.002156878,-0.00428989,0.009952801,0.001677177,0.001215098,0.001017018,-0.004688227,0.004496193,-0.003148585,-0.008775834,0.001103964,0.009294071,-0.006705823,0.001035289,0.012629122,0.002189789,0.001190765,0.004738602,0.009383154,-0.002747725,0.008651766,0.002728354,0.000672701,0.00463444,-0.005960417,0.000335236,0.01248158,0.010455948,-0.003779519,-0.007596973
12/18/2019,0.00127026,0.00149593,0.002360079,0.004657128,-0.005681528,0.015347688,-0.000663617,2.35E-05,-8.04E-05,0.004188411,-0.00457304,-0.002534365,0.000958649,0.000613318,0.00049606,0.000487293,-0.004851706,0.014847143,-0.005487034,0.004114929,-0.014191793,0.002210995,-0.000589284,0.0026567,0.002517606,3.13E-05,-0.000432394,-0.001687244,0.001692294,0.003723446,-0.000587602
12/19/2019,-0.001666516,-0.003527645,0.002939777,0.003163328,0.004595563,0.005507692,0.004614952,-0.000239677,0.003382923,0.002715665,-0.001945197,0.001880572,-0.002206485,-0.000478155,0.006715595,-0.001011284,-0.023952663,-0.008833003,-0.002911343,0.002875302,0.003062544,0.005869483,0.001119343,0.006459152,0.003232657,-0.0010125,0.004449379,-1.21E-05,0.001742391,-0.001852187,-0.001673887
12/20/2019,0.005812486,-0.000317378,0.003028801,-0.000575672,0.005207252,0.000782144,0.002783032,0.008273257,0.012353293,0.000439577,0.007870151,0.003094123,0.001470332,0.006043735,0.004237221,0.00184869,0.00403372,-0.002909144,-0.002022589,0.000623796,0.008268168,0.005887903,0.00835537,0.006446909,0.002764983,0.003783797,0.004932596,-0.00413315,0.009806934,0.002801895,0.009614639
12/23/2019,0.000836978,-0.004381437,-0.000460749,-0.000615616,0,0.004617654,0.003427657,0.003135457,-0.004393138,0.00631356,-0.000405833,0.000688555,0.001966532,-0.001644718,0.002315983,0.002812009,-0.018170621,-0.005822347,0.000188086,-0.000105977,0.007010483,0.005528138,0.001954151,0.008415877,0.001413439,-0.000582793,0.000865769,-0.014370366,0.004202081,0.000314295,0.001414405
12/24/2019,-0.000426607,0.000869137,-0.000112715,-0.00465565,0.000442363,0,-0.001291798,-0.000752675,0,0.00093332,0,0.002998645,-0.000510919,0.000227747,0.000808446,-0.00548141,0.008395272,-0.002777065,0.000397468,-0.004424361,0,0,0,0,0.002319121,0.000499558,-0.000195467,0.007057753,0,0.002368035,-0.000985104
12/25/2019,0,0,0,0,0,0,0,0,0,0,0,0,0,0,0,0,0,0,-0.002004056,0,0,0,0,0,0,0,0,-7.24E-05,0,0,0
12/26/2019,0,0,0,-0.007308968,0,0.013951503,0.003802975,0,0,0,0,0,0,0,0.007733662,0.000168757,0.018655707,0.003368795,0.00595502,-0.006663158,0,0,0,0,-0.000156209,0,0.005115062,0.008027628,0,-0.00042223,0
12/27/2019,0,0.004348807,0.000468312,0.010564692,0.010067819,-0.008118576,0.000733029,0.001632288,-0.005909869,0.000776665,0.001763426,-0.00069523,0.012053374,0.003997484,-0.001749847,0.003841764,-0.004215475,1.06E-05,-0.003651394,0.009827162,0.003713692,0.001241215,0.003417862,-0.000830677,-0.00521507,0.002722362,3.40E-05,-0.000225142,0.000541612,0.002385122,0.001934864
12/30/2019,-0.004638777,-0.002309303,-0.005790393,-0.0001118,-0.006571436,-0.005042971,-0.006243905,-0.008276698,-0.010631031,-0.005940495,-0.00584896,-0.004065168,0.004038342,-0.009102733,-0.006753695,-0.000768082,-0.001143935,-0.015438102,-0.007626209,0.000420296,-0.009420267,-0.00596748,-0.011360274,-0.002544617,-0.002912828,0,-0.005797596,0.010770407,-0.010606697,-0.000381114,-0.007690069
12/31/2019,-0.003187214,-0.01721253,-0.003812402,-0.007209167,-0.004616029,0,0.00214336,-0.00193187,0,-0.006671814,0,-0.002056672,-0.004476349,-0.006617295,0.002970101,0,-0.001701449,-0.001843606,0,-0.006511935,0,0,0,0,0.002499747,-0.01333945,0.002941691,0.004066413,0,-0.001221781,-0.002021906
1/1/2020,0,0,0,0.000676672,0,0,0,0,0,0,0,0,0,0,0,0,0.018046249,0,0,0.001099893,0,0,0,0,0,0,0,0,0,0,0
1/2/2020,0.01537949,0.002144001,0,0.007782739,0.005579828,0.023136759,0.01196444,0.01152902,0.013936502,0.008662475,0.011061689,0.002137963,0.011363809,0.014760876,0.013239758,-0.01109596,0.023595526,0.020771862,0,0.007620789,0.000431325,0.014081371,0.018334186,0.010657568,-0.000903106,0.01582673,0.008343896,0.011188153,0,0.009016486,0.013612652
1/3/2020,-0.005749865,0.006404561,0.00846043,-0.004184346,-0.001304011,0.001194354,-0.008454746,-0.002352543,-0.005633751,0.000755492,-0.01450106,-0.001980328,-0.002771803,-0.004612796,-0.007885997,0.00017928,-0.006588098,0.001775207,0,-0.004827251,-0.012950038,-0.003245469,-0.010085873,0.003855302,-0.003626441,-0.006656964,-0.007084909,-0.000716881,0,-0.005296874,-0.007474234
1/6/2020,0,-0.000466527,-0.005292919,-0.019328552,0.001900745,-0.015403739,0.002636927,-0.00360992,-0.005120598,-0.006377161,-0.006479833,0.002303084,-0.008928,-0.004748596,0.005604076,-0.008414757,-0.022026495,-0.001607664,-0.019281252,-0.019341093,-0.001740008,0,0,-0.000162331,0.001548963,-0.002994998,0.003527145,0.000425917,0.004554956,-0.006547211,-0.00468426
1/7/2020,-0.000131064,0.012851617,0.005052255,0.005921093,-0.001261834,-0.000748274,-0.004258673,0.00169699,0.006007459,0.000774278,0.008434218,0.003652385,0.003722621,-0.00220019,-0.000317971,0.008249268,0.014628047,-0.007672748,0.015855629,0.005875289,0.002880523,-0.002856358,0.003823151,-0.003232999,-0.003053171,-0.001610778,-0.002807175,0.00663565,0.00200354,0.009177573,0.003324601
1/8/2020,0.000196589,-0.003692223,-0.002065575,-0.002778584,0.00042867,-0.003351716,0.005742394,0.000655752,0.004568995,-0.000258907,0.006562267,-1.40E-05,-0.008246277,0.00121021,0.006666866,-0.010179439,-0.012168092,0.007160809,-0.015859939,-0.003214035,-0.000240469,-0.004702808,-0.000536975,0.001464753,0.003191315,6.28E-05,0.004890473,-0.012491931,-0.003246647,-0.000382393,0.002309261
1/9/2020,0.003809466,0.008703901,0.007152302,0.015606393,-0.002497737,-0.001871242,0.007308413,0.001931554,0.007719367,0.003726545,0.013092357,0.00393857,0.017864933,-0.001001459,0.008093138,0.011332691,0.02594209,0.002515785,0.022798483,0.015992419,0.007551559,0.002242958,0.004201017,-0.001388111,0.000860355,-0.000607292,0.006633214,0.009145968,-0.000111721,0.001072796,0.005823737
1/10/2020,-0.003580161,0.008941172,0.000127211,0.003895504,0.008932265,-0.005917924,-0.004543542,-0.000369442,0.000195678,-0.000480532,0.000196394,-6.27E-05,0.001956154,-0.000856176,-0.002672683,0.011573437,0.010406799,0.002885708,0.004652203,0.003358958,0.006652271,0.005193059,-0.002953357,0.002153142,-0.004414277,0.00027228,-0.002859262,-0.000726862,-0.001078417,0.00282138,-0.000664459
1/13/2020,-0.003593025,-0.003840469,-0.006752048,0.006011115,0.002381806,0.016362475,0.002693936,-0.000923374,-0.005209329,0.002267664,-0.00386084,0.003413474,0.010522926,-0.003107022,0.010304331,0.01025562,0.004982239,0.003638664,0,0.005942412,0.00212292,0.005451079,0.003300237,0.001079609,0.00714623,-0.005028169,0.006951994,0.007460983,-0.00160663,-0.001269713,-0.00396957
1/14/2020,0.004771479,0.008472041,0.000943721,0.002203913,0.005769615,0.001262029,0.001048104,0.001567739,0.001322327,0.002208786,0.000464089,0.003433557,-0.002960039,-0.001635951,-0.002440237,0.004710848,-0.000982967,-0.002839212,0.007293914,0.002490903,0.004040374,0.004322516,0.000274529,-0.003031595,0.003679709,-0.002666036,-0.001515681,-0.002705674,0.003140301,0.00490085,-0.000744396
1/15/2020,3.27E-05,0.003948895,-0.004420069,-0.00226651,0.006489259,-0.008301758,0.003491164,-0.00162413,-0.006892158,0.001540503,-0.00223764,0.003582026,-0.002717696,-0.001743657,0.000795893,-0.002865999,-0.004482263,-0.006066187,-0.004530089,-0.001615342,0.024561262,0.002902969,-0.002632799,-0.002935141,0.003995436,-0.001668568,0.00186845,-0.005356291,0.001399194,-0.004009116,-0.002111692
1/16/2020,0.001095335,0.006915201,0.004450173,0.00185545,0.002052682,0.001256262,0.009083739,0.001476742,0.007401887,-0.004484007,0.000741224,0.003988551,0.002187935,0.006371764,0.010575616,0.006713204,0.002457221,0.019554906,0.000691749,0.001109563,-0.005610724,0.009285777,0.012780646,0.00186184,0.013446199,0.005985455,0.008331748,-0.005109209,0.002132534,0.006183319,0.00188641
1/17/2020,0.005621242,0.004490942,0.005112054,0.000260866,0.001543961,0.015026376,0.001437524,0.010317557,0.008346713,0.009090026,0.006402263,0.004237562,0.006615209,0.011301765,0.0033941,0.002718028,0.003421017,0.010096469,0.004507829,-0.000643721,0.008951924,0.005591141,0.007834798,0.01007421,-0.003269723,0.011251745,0.003854723,0.000301994,0.013772928,0.001449897,0.008617228
1/20/2020,-0.002098159,0.001654605,0.001142444,-0.009441313,0.000334451,0.002678077,0,-0.004292363,-0.005758631,0,0.002349444,0.002182818,-0.007170945,-0.002326773,0,0.004410497,-0.009914212,0.001444005,0.001755853,-0.009386951,0,0.006614372,0.000468142,0,0,-0.002100732,0,0.006675975,0.000412207,-0.000652957,-0.001954464
1/21/2020,-0.003768203,-0.003925449,0.000812386,-0.005256822,-0.00412791,-0.011984735,-0.00492138,-0.004729249,-0.006569614,-0.008771888,0.000278995,-0.001427935,-0.027484074,-0.004929927,-0.001933608,-0.009059204,-0.003050134,-0.004372233,-0.009132861,-0.005008125,0.000890801,-0.008394596,-0.000936502,-0.006255823,-0.008148693,-0.005093319,-0.0026555,-0.014231667,0.003517592,-0.009365122,-0.002768558
1/22/2020,-0.001210139,0.012322989,-0.001213839,-0.004729212,-0.002222658,0.008545819,-0.000397363,-0.006235243,-0.00584588,-0.005859676,-0.003290887,0.001568287,0.010840445,-0.003919693,0.00138217,0.010769403,6.52E-05,-0.001486529,0.006964715,-0.005066368,0.004889489,-0.001286931,-0.004795558,0.003013774,-0.000852746,-0.003826582,0.000289034,0.002978612,0.000969716,0.002418671,-0.005294744
1/23/2020,-0.009403788,-0.008744919,-0.007535246,0.005925912,-0.001419636,0.010415382,-0.000953286,-0.006582585,3.21E-05,-0.007767205,-0.008725938,0.00124469,-0.016870758,-0.005782503,0.001991883,-0.008745183,-0.004561325,-0.004313823,-0.009865262,0.005908272,-0.001038496,-0.004624333,-0.011217377,-0.01441634,0.000331631,-0.005170746,0.001140326,-0.027370931,-0.007474351,-0.005754698,-0.008326896
1/24/2020,0.014626329,0.00204086,0.006200067,0.006462135,0.011780659,-0.00877533,-0.005836498,0.008341946,0.01099428,0.011280542,0.013242593,-0.003207995,0.003521444,0.004559637,-0.009356822,0,0.005098102,-0.005829761,0.00133298,0.006020478,0.008219282,0.00379838,0.010361151,0.008944776,-0.013630043,0.003962071,-0.009083289,0,0.003305996,0.001556757,0.010705056
1/27/2020,-0.025604591,0,-0.025180272,-0.012049226,-0.016959497,-0.033997666,-0.015962987,-0.026722762,0,-0.024034378,-0.026397997,-0.007016739,0,-0.02067879,-0.019031559,0,-0.004431759,-0.02202678,-0.020507945,-0.011627346,-0.02416785,-0.021112374,-0.021603663,-0.020596148,-0.010915626,-0.018800479,-0.015855752,0,-0.016147553,0,-0.0260058
1/28/2020,0.006690992,-0.015331486,0.013499745,-0.00401782,0.010995537,0.019446457,0.006818249,0.011248533,0.002437666,0.009747331,0.00760175,0.003340262,0,0.012509157,0.014164077,-0.031799419,-0.003582044,0.013292354,-0.005489796,-0.004265263,0.005068417,0.017626089,0.008714905,0.00423312,0.008555568,0.011348078,0.010003383,0,0.009881737,-0.018569383,0.010438968
1/29/2020,0.004303787,0.005967652,0.002639409,0.005559295,0.005823263,-0.010989176,0.000291686,0.005616603,0.005689714,0.000953773,0.002753344,0.000620919,-0.028686263,0.006568289,0.000591323,0.006631327,-0.012886685,0.008294037,0.007026088,0.006001729,0.014472303,-0.003387215,0.003017944,-0.001003014,-0.005479099,0.006600196,-0.00086725,0,0.007199043,0.001335414,0.005185591
1/30/2020,-0.011378955,-0.005122998,-0.010935938,-0.008240478,8.61E-05,-0.000409309,0.004290962,-0.015867362,-0.016002984,-0.01498698,-0.015201955,-0.001210777,-0.026774991,-0.007232751,0.00255948,-0.019999421,0.00352327,-0.005164592,-0.017328936,-0.008891413,-0.013925901,-0.000926945,-0.004190031,-0.009515211,-0.000584274,-0.007278522,0.003129457,0,-0.01026998,-0.004942075,-0.013425515
1/31/2020,-0.013743204,0.001392121,-0.004327734,-0.003060346,0.006025968,-0.015167923,-0.0214119,-0.009695708,-0.023144021,-0.013449633,-0.011744147,-0.00988659,-0.003474791,-0.011673821,-0.016043601,-0.006474905,-0.006556282,-0.016108115,0.009849173,-0.004851485,0.002676465,-0.006116082,-0.001463418,-0.004940035,-0.021001517,-0.010080537,-0.017864443,0,-0.011324548,-0.005344078,-0.011246829
2/1/2020,0,0,0,-0.027195198,0,0,0,0,0,0,0,0,0,0,0,0,0,0,0,-0.027399903,0,0,0,0,0,0,0,0,0,0,0
2/3/2020,0.003634984,-0.013111835,0.006356208,0.006421379,-0.005532221,0.011864527,0.005367235,0.004527226,0.009550143,0.007565084,0.003629063,0.003531594,0.000781099,0.003920592,0.013294133,-0.007485347,0,0,-0.010102058,0.006868438,0.001684032,0.001242652,-0.000942938,-0.000257036,0.01119654,0.001594496,0.007228426,-0.082418011,0.003481927,-0.01135522,0.004277458
2/4/2020,0.021388065,0.003028001,0.026799782,0.022305162,0.005994476,0.00494837,0.014384084,0.016282797,0.016270992,0.013971605,0.017591095,0.007621734,0.011746178,0.016681484,0.020764643,0.018841235,-0.018085847,0.01885898,0.004891824,0.021800792,0.012767209,0.015004338,0.020755232,0.003415162,0.015000436,0.016269661,0.014869316,0.014714601,0.012642728,0.013595679,0.018324412
2/5/2020,0.014187892,0.005407638,0.01604191,0.008070518,0.00682614,0.00508876,0.016594995,0.01045841,0.016296864,0.0062428,0.015288176,0.007897819,0.002689938,0.016068166,0.004290436,0.001306844,0,-0.004069786,0.010127198,0.009167155,0.029415588,0.01496804,0.012460076,0.015730035,0.015011428,0.01530493,0.011187779,0.012792415,0.017757922,0.012238283,0.013132043
2/6/2020,0.007657775,0.008757005,0.007822757,0.003472553,-0.00205062,-0.008358667,0.002998767,0.007130128,0.010414037,0.003419796,0.006734192,0.005981534,0.026260473,0.009575527,0.006652877,0.029294206,-0.004729933,-0.008636249,0.023480334,0.00337235,0.009341618,0.011184887,-0.001601776,0.00194776,-0.002653893,0.010235356,0.003320155,0.016029019,0.001654965,0.009947111,0.00656764
2/7/2020,-0.003967584,-0.004221339,-0.01134644,-0.004407775,0.005800613,-0.011540335,-0.009467606,-0.001807227,-0.000491335,-0.005818221,-0.003673489,-0.005760616,-0.002774552,-3.06E-05,-0.00540963,-0.009911923,-0.011381074,-0.001013741,-0.001912307,-0.003901731,-0.005252032,0.007991288,-0.003606349,-0.018851059,-0.012377815,-3.08E-05,-0.005415491,0.003721497,-0.000983924,-0.016456601,-0.001575991
2/10/2020,0.00103795,-0.001927257,0.002658553,-0.00278702,0.002663951,-0.009736708,0.006012629,-0.001571126,0.001199526,-0.002566645,-0.002300578,0.004807324,-0.006030968,0.000509502,0.011267293,-0.000508864,-0.023534779,-0.000964706,-0.005977208,-0.00411223,-0.003934804,-0.000981033,0.004126505,-0.011270072,0.006569759,0,0.00729969,0.005366608,0.003470759,-0.006286062,-0.00147563
2/11/2020,0.011843611,0.006834107,0.012769022,0.00552141,0.010217632,0.022620165,-1.74E-05,0.006935173,0.007365991,0.008529988,0.011872368,0.002057568,0.012723064,0.006761888,0.001095429,0.010501739,0.014297829,0.015496145,0,0.006091835,0.010743383,0.013262152,0.014372474,0.014923359,0.00588609,0.007611125,0.001687049,0.003517161,0.005545395,0.006138127,0.009782724
2/12/2020,0.00688034,0.004924641,0.006803351,0.0086809,-0.004471369,0.01231354,0.00928811,0.006882489,0.006958228,0.00339438,0.006863858,0.003130587,0.008889522,0.005831705,0.008987453,0.006633672,0.015289102,0.005215854,0.007370816,0.007666434,-0.00297002,-0.00481912,0.003940633,0.006251429,0.007027858,0.005683217,0.006441853,0.00816326,-0.001075239,0.013401279,0.005689534
2/13/2020,-4.77E-05,0.000918069,-0.002142043,-0.003298153,0.00497005,-0.009779398,-0.004102716,-0.002838386,0.00124092,-0.012919809,-0.001215735,-0.000655186,-0.003582983,-0.003083154,-0.001439866,0.002774855,-0.002858334,-0.006348676,-0.001404099,-0.003007743,-0.002079415,-0.002905287,0.000951718,-0.005652029,0.002598227,-0.002320128,-0.001631776,-0.006559706,0.000280413,-0.00087003,-0.002709233
2/14/2020,0.000826959,0.0051727,0.002240061,-0.004490557,0.00332283,-0.010767038,-0.001168548,-0.001806706,-0.001010467,-0.004460063,0.000996721,0.001524551,0.003654871,0.004731568,0.001975813,0.000204909,-0.002518,0.000414043,-0.005898746,-0.004472917,0.0083561,0.000797451,0.003289545,0.002384212,-0.003661904,0.004392542,0.001841836,0.003558309,0.00328156,0.00016785,4.95E-05
2/17/2020,-0.000413394,-0.00103794,0.00345792,-0.004438254,0.015896038,0.008515228,0,0.002689126,0.010143813,0.003793194,0.003018314,0,0.005506711,0.006546937,0,4.45E-06,0.000345677,0.000888403,-0.006962414,-0.005177424,0.00097944,-0.005016684,0.002017915,-0.000921614,0,0.005990845,0,0.022553487,0.003555598,-0.000960858,0.003181529
2/18/2020,-0.006701689,-0.002023619,-0.008882417,-0.003448,0.002515937,-0.005787662,-0.005514336,-0.005335963,0.004090658,-0.008792765,-0.008559808,0.000558999,-0.015398062,-0.001637747,0.000161016,-0.017247035,-0.001788238,-0.002056076,-0.014103867,-0.003520699,0.007530433,-0.012968931,-0.006093596,-0.001560836,-0.002391598,-0.001637624,-0.002924214,0.000650219,-0.001987029,-0.005809652,-0.005149051
2/19/2020,0.006335852,0.003600863,-0.005594262,0.00984221,0.01019248,0.015685236,0.003871574,0.008279942,0.010021176,0.011602431,0.008741169,0.003745844,0.003548931,0.007745397,0.008638144,-0.000838689,0.009713391,-0.000931647,0.008880935,0.010158344,0.008090531,0.009358222,0.010827235,0.008286705,0.005348969,0.006953936,0.004694748,-0.003407669,0.010418095,0.005461152,0.007624361
2/20/2020,-0.006896359,0.002898953,-0.002528997,-0.004086503,-0.006620479,-0.016607214,-0.004477222,-0.004114135,-0.015720577,-0.001477717,-0.005629511,0.001042671,-0.001209946,-0.015249125,-0.006767658,-0.001484161,-0.003898259,-0.001275355,0.003346857,-0.003849018,-0.002420294,-0.003525064,-0.000696327,0.006632541,0.002047964,-0.011620272,-0.003822817,0.01845773,-0.009678212,-0.004866782,-0.006834281
2/21/2020,-0.012622176,-0.002871304,-0.012219208,0,-4.07E-05,-0.011076542,-0.007621026,-0.009332854,-0.01231669,-0.00655452,-0.010392627,-0.005618163,-0.010771753,-0.004521313,-0.018044676,-0.017785069,-0.004995489,-0.001541553,-0.003943598,0,-0.008613304,-0.004466784,-0.008972607,-0.006788444,-0.010342369,-0.007737708,-0.010573809,0.003158282,-0.003929885,-0.003985904,-0.010393794
2/24/2020,-0.039627655,-0.023074074,-0.040949965,-0.018650132,-0.032890401,0,-0.036167063,-0.040579201,-0.055863092,-0.034612108,-0.040320559,-0.015861365,-0.017543033,-0.041586419,-0.037807722,-0.036385111,-0.028483308,-0.022031333,0,-0.020492058,-0.036531254,-0.035026483,-0.043388035,-0.043334405,-0.030622133,-0.039411718,-0.034088079,-0.002583658,-0.036472786,-0.012222376,-0.040280032
2/25/2020,-0.016781944,-0.016316414,-0.020290536,-0.001918407,-0.023032792,0,-0.032006918,-0.019032073,-0.014478635,-0.017936187,-0.018259156,-0.022186793,0.002616376,-0.024843433,-0.028117375,0.00605202,-0.005092803,-0.016492293,-0.033979937,-0.002147829,-0.01576519,-0.019062723,-0.016748331,-0.002149498,-0.035115131,-0.024321511,-0.030747904,-0.006252909,-0.022116529,0.004060146,-0.020586098
2/26/2020,-0.001305304,-0.022878835,-0.001346563,-0.010986001,0.007023035,-0.06933389,-0.004532574,0.001385587,0.014280128,0.003438133,-0.001545559,-0.007916629,-0.007622603,0.007109188,0.0016897,-0.006037635,-0.015191801,-0.007946512,-0.007959786,-0.011729204,-0.00088411,0.007665354,0.005458752,-0.008284526,-0.012162646,0.00523788,-0.003785697,-0.008248949,0.003205238,-0.011640774,0.00119726
2/27/2020,-0.037382785,-0.009757617,-0.048531802,-0.005035282,-0.030290169,-0.018329767,-0.045637613,-0.032748068,-0.026965903,-0.035523815,-0.031258905,-0.019223705,0.004812853,-0.036162475,-0.047229268,-0.011656836,-0.002794055,-0.026323546,-0.021542974,-0.004893995,-0.025250636,-0.026901514,-0.03773305,-0.048878088,-0.036018413,-0.032649514,-0.045168136,0.000752367,-0.02960886,-0.003165996,-0.033354426
2/28/2020,-0.0415463,-0.033768363,-0.043990967,-0.033280715,-0.036228733,-0.006418743,-0.012717669,-0.037311805,-0.036408436,-0.034503988,-0.045104904,-0.027462134,-0.027327288,-0.02967056,0.000103654,-0.038729129,-0.010504188,-0.002221981,-0.037379509,-0.034967756,-0.029315119,-0.031111087,-0.032288616,-0.014465579,-0.014271634,-0.032138015,-0.008272463,-0.037475749,-0.037379161,-0.032887603,-0.040429087
3/2/2020,0.0093296,-0.007357,0.011322117,-0.005542044,0.012307969,0.033473625,0,0.006931609,-0.015083938,0.013543679,0.001854496,0.017592709,0.008666778,0.002095634,0.043934835,0.010389144,0.039360686,0.018971748,0.009467428,-0.006254365,0.012254795,0.005244789,0.004781308,0.006812923,0.027959517,0.003781679,0.045010869,0.03081881,0.012112255,0.001496289,0
3/3/2020,0.010119243,0.00993531,0.011027302,0.01315805,0.020136289,-0.013436423,0.01860985,0.007008583,0.004290465,0.007778448,0.00456039,-0.007862519,0.00031164,0.007987191,-0.030402787,0.009724003,-0.004467084,0.005385176,-0.012320196,0.016121561,0.031231452,0.012100707,0.015738889,0.030244284,-0.021651384,0.002681028,-0.028510485,0.008018898,0.013631156,0.002073185,0.009695365
3/4/2020,0.015420562,-0.020001596,0.005784536,-0.006351309,0.022010145,0.019970534,0.044494719,0.01561535,0.009055262,0.014860777,0.015290405,0.021439149,-0.003928597,0.011105251,0.037739722,0.01776183,-0.00552738,0.019850426,0.000821662,-0.0067524,0.009663303,0.003909027,0.005627803,-0.000147807,0.029822197,0.012665881,0.041336349,0.005803635,0.016126186,0.000750717,0.017667573
3/5/2020,-0.005998775,0.009090547,-0.011385801,-0.000587633,-0.018331499,-0.050883951,-0.036494899,-0.016520172,-0.017984017,-0.013707476,-0.011013157,-0.013532531,0.01988981,-0.02580715,-0.031482917,0.012582909,0.011359579,-0.025224974,0.010797391,0.000421976,-0.00763815,-0.017220307,-0.010749257,-0.02211993,-0.034765123,-0.02378043,-0.034510783,0.01951028,-0.010573299,-0.001975563,-0.013509217
3/6/2020,-0.039678312,-0.02329551,-0.031918547,-0.023426275,-0.041146412,-0.040573643,-0.009644912,-0.042378957,-0.035654543,-0.03689551,-0.034701657,-0.023159084,-0.022919699,-0.036044421,-0.018826361,-0.02523274,-0.022542138,-0.021293255,-0.027539077,-0.025128916,-0.030019122,-0.034943852,-0.033022495,-0.045854571,-0.020144606,-0.033984938,-0.017200944,-0.011909022,-0.040925432,-0.017782569,-0.040115411
3/9/2020,-0.080741679,-0.070587007,-0.075960039,-0.050194214,-0.088461671,-0.12945116,-0.081657921,-0.088979528,-0.118479977,-0.076688635,-0.078275644,-0.10833784,-0.043666246,-0.082973084,-0.075666104,-0.03960884,-0.039226121,-0.067893428,-0.051978509,-0.049293727,-0.050315477,-0.076648597,-0.056562281,-0.098319665,-0.099138123,-0.082920614,-0.079010413,-0.030515577,-0.057080725,-0.063719497,-0.083857152
3/10/2020,-0.010592733,0.014464598,-0.007926099,0,-0.013483941,0.068988673,0.048188619,-0.014695669,-0.03333432,-0.002403604,-0.017354013,0.030122054,0.014874893,-0.03259312,0.048316082,0.004175904,0.017261521,0.021327057,0.008510414,0,-0.014707853,-0.01446761,-0.008510259,0.002142315,0.028734624,-0.031198875,0.048215052,0.018120937,-7.29E-05,0.018186625,-0.021066421
3/11/2020,-0.005866937,-0.022359241,-0.006858265,-0.000150484,-0.003261748,-0.079454533,-0.060371869,-0.007820587,0.003266032,-0.019320341,-0.008759082,-0.047086552,-0.00829286,-0.003369619,-0.048143156,-0.029027244,-0.003315596,-0.022670827,-0.022965545,-0.000244015,-0.018120659,-0.009924513,-0.020212743,-0.036013341,-0.066186648,-0.007244457,-0.050102893,-0.009134959,-0.004733929,-0.016011213,-0.005564412
3/12/2020,-0.106385478,-0.069507672,-0.142213235,-0.081408114,-0.109349829,-0.159938267,-0.105128986,-0.119971732,-0.185411445,-0.101365066,-0.118631282,-0.131761322,-0.037136419,-0.151511759,-0.09909861,-0.04238474,-0.043779719,-0.054234713,-0.045111767,-0.081291625,-0.078208035,-0.107876013,-0.118051279,-0.095038064,-0.118666577,-0.14060898,-0.099944852,-0.015728491,-0.101339354,-0.039273642,-0.120053641
3/13/2020,-0.008075103,0.001929137,-0.000462682,0.042330027,0.014813578,0.130228197,0.088981587,0.004523529,0.06873977,0.004501311,-0.001903331,0.091201614,-0.009336212,0.036669397,0.089264384,-0.025070079,-0.012530147,0.038771346,-0.062735693,0.039742216,0.008364218,-0.014905551,0.014997189,0.036187793,0.073417286,0.021162287,0.088808407,-0.01246922,0.011674613,-0.013358461,0.00039291
3/16/2020,-0.038699534,-0.052123479,-0.074399589,-0.088955022,0,-0.149908475,-0.138068815,-0.056852668,-0.062989084,-0.040303619,-0.054208413,0,-0.043332041,-0.08207605,-0.131408959,-0.026734209,-0.053575942,0,-0.024919762,-0.086026465,-0.015637053,-0.055365661,-0.048397968,0,-0.15229012,-0.080586025,-0.127652198,-0.034033792,-0.016931172,-0.056416317,-0.051201795
3/17/2020,0.027767655,0.031482778,-0.002813153,-0.026608692,0.009582312,0.047327598,0.050564396,0.027568187,0.022079047,0.032642509,0.019975905,-0.077169282,0.012042908,0.062102946,0.060440993,-0.038923648,-0.028040677,0,0.000558013,-0.02540312,0.014932486,0.013050038,0.017977519,-0.044663204,0.064013601,0.059517062,0.058226312,-0.004271807,0.031815852,-0.016405939,0.033378095
3/18/2020,-0.048877069,-0.048704911,0.021121933,-0.04812257,-0.059416842,-0.109248101,-0.064597962,-0.055389737,-0.012767606,-0.035847044,-0.048507097,-0.078990657,-0.044373023,-0.0350298,-0.048169452,-0.034225124,-0.072576248,-0.069367292,-0.016894072,-0.048581079,-0.022822771,-0.026932448,-0.03343798,-0.017344061,-0.109636841,-0.030381444,-0.053222272,-0.018193131,-0.018334879,-0.014878978,-0.053532848
3/19/2020,0.045795548,-0.06254828,0.024320073,-0.027997052,-0.022086992,0.021251773,0.009335417,0.022469848,0.022656666,0.014881586,0.017857492,0.037565614,-0.021644621,0.019099914,0.022734954,-0.101786237,-0.002090723,-0.011011146,-0.010440193,-0.032338404,0.009330454,0.031102086,0.032072603,0.045162816,0.065533113,0.017419662,0.004696761,-0.009757216,0.051819375,-0.044234789,0.027313622
3/20/2020,0.013688106,0.01939231,0.044155982,0.05414941,0.017057439,-0.018647943,-0.047421371,0.042771176,0.016980537,-0.003326289,0.025380682,-0.026604515,0.042383042,0.007399307,-0.038674982,0.058377172,0.003378232,-0.025187341,0,0.056421181,0.007169895,0.016561256,0.003538217,0.00869908,-0.043106739,-0.004215785,-0.044327624,0.016414528,-0.01819872,0.046406898,0.028422171
3/23/2020,-0.019500565,-0.051072777,-0.03537186,-0.137811043,0,-0.053591625,-0.030950629,-0.03153419,-0.010996655,-0.037694978,-0.015997177,0,-0.04955676,-0.033632335,-0.002712523,-0.042199908,0,-0.038833307,0.020033199,-0.136328867,-0.034564267,-0.046379226,-0.056520241,-0.051332493,-0.011192066,-0.028405986,-0.029731501,-0.031475698,-0.055191802,-0.083633146,-0.022218609
3/24/2020,0.086460277,0.01950164,0.068970572,0.029138182,0.065320382,0.092484919,0.107538155,0.077893609,0.085494569,0.077822827,0.09763418,0.058991748,0.043742363,0.075277793,0.078084514,0.069856089,-0.063852287,0.041805875,0.068898914,0.028688852,0.031186894,0.061922203,0.070140558,0.058423942,0.089056275,0.072725654,0.089683233,0.022337771,0.067804617,0.059999322,0.08655044
3/25/2020,0.023265106,0.038510279,0.015972835,0.060373406,0.017921331,0.072274936,0.02399074,0.043282786,0.017260465,0.048585648,0.020743852,0.044203474,0.039588194,0.032961263,-0.004534754,0.071105554,-0.049756778,0.03333736,0.077313696,0.054611021,0.023999807,0.04281094,0.042098843,0.021111609,0.012540479,0.033227231,0.011468991,0.021321846,0.028873812,0.055330671,0.030305792
3/26/2020,0.01836767,0.042570664,0.028673824,0.044683215,0.014102182,0.036084036,0.061142196,0.022548771,0.007263186,0.023934517,0.013817481,0.017498485,-0.013257183,0.0129943,0.054452467,0.005982841,0.002171997,0.00476874,-0.046174211,0.041979222,0.034432754,0.019673031,0.019534001,0.012008594,0.060641102,0.013958584,0.060543831,-0.005723271,0.023616592,-0.010291824,0.016867015
3/27/2020,-0.034356709,-0.042203556,-0.045260723,0.001961997,-0.011886698,-0.056663617,-0.040835592,-0.036239088,-0.03198626,-0.04837413,-0.035974312,-0.052464724,0.005187266,-0.036974517,-0.038587878,-0.007920451,0.030425573,-0.054888992,0.038099391,0.002406518,-0.008078306,-0.032336441,-0.030568078,-0.036329863,-0.041147443,-0.035253774,-0.034267845,0.00283881,-0.022814837,0.015674051,-0.039757998
3/30/2020,0.024952022,0.036203774,-0.009788041,-0.047842614,0.010609605,0,0.032003529,0.007712705,0.002957117,0.011194457,0.018399722,0.027270346,0,-0.01756285,0.035584219,0.015344675,-0.003070569,0.011779053,-0.015826958,-0.046400349,0.035049382,0.001562443,0.02021101,0.029883672,0.022937212,-0.014447918,0.03296659,-0.009856915,0.019594744,-0.040915396,0.014191886
3/31/2020,0.01584667,-0.004335922,0.025131348,0.029774773,0.03041089,-0.005585867,-0.01856902,0.004198552,0.010525591,0.018405149,0.014051459,0.025178672,0.005454543,0.018668776,-0.0095712,0.012309688,0.042211824,0.010313889,-0.008839597,0.032773852,0.016688105,0.044564368,0.026712043,0.037105031,-0.00495553,0.017762937,-0.016142311,0.001576575,0.014879393,0.01988731,0.009765925
4/1/2020,-0.028276819,0.038913758,-0.020445826,-0.036036151,-0.027070936,-0.028519337,-0.045320458,-0.047027924,-0.030123206,-0.042258895,-0.04245929,-0.037691342,-0.018424971,-0.03082969,-0.04509405,-0.018242322,0.009327717,-0.025281797,-0.046062457,-0.034889334,0.000288669,-0.031136307,-0.034322571,0.016564898,-0.072183264,-0.029040592,-0.045146363,-0.005876225,-0.015469252,-0.013341444,-0.043162933
4/2/2020,0.01711213,-0.01040771,0.01993758,0,0.002030051,0.017969462,0.022040178,0.004422273,0.017320305,0.007990885,0.003501833,0.017047375,0.006496985,-0.000805839,0.017070715,8.73E-05,0.042372485,-0.003009997,-0.01374947,0,-0.008621388,0.007679002,-0.000372731,-0.003291101,0.012437448,-0.002550865,0.022572657,0.015986289,0.011060886,0.006340106,0.004984241
4/3/2020,-0.01428219,-0.025587087,-0.014168381,-0.021780822,0.000196353,-0.038313177,-0.016706197,-0.013246462,-0.027075822,-0.012289673,-0.002367483,-0.012249318,-0.002046919,0.00114019,-0.015373785,0.008515673,0.026894895,-0.015456755,8.25E-05,-0.019181783,0.016504207,-0.010462946,-0.008837023,-0.000761025,-0.031484792,0.002167115,-0.015252861,-0.004830963,-0.003081014,-0.025722446,-0.006972895
4/6/2020,0.041861739,0.044432068,0.041253907,0,0.000139209,0.063183785,0.072992263,0.047051459,0.039196417,0.032274926,0.055481642,0.049340979,0.023970663,0.039138269,0.070701117,0.030951983,-0.033528036,0.041658653,0.041554491,0,0.007949475,0.024615075,0.039870737,0,0.07872861,0.039613908,0.067968244,0,0.02351379,0.031929351,0.050622264
4/7/2020,0.018732885,0.000433182,0.02012953,0.082454484,0.004515549,0.030383162,-0.000184567,0.017822448,0.021620515,0.020176559,0.027498974,0.001576075,0.02085042,0.022779662,-0.003288254,0.017398014,0.021110398,0.000174857,0.019926855,0.080469619,0.004526074,0.031677266,0.03504957,0.037469131,0.000691923,0.018132863,-0.001604339,0.01930967,0.005507751,0.040927901,0.019689065
4/8/2020,-0.000300021,-0.001582965,0.006625165,-0.00452026,-0.002668404,0.029250896,0.034012472,-0.001944812,-0.001776243,-0.007291362,-0.002379528,0.022627813,-0.01174346,-0.007195232,0.025491545,0.01167922,-0.008368801,0.004446667,0.021046417,-0.003591733,-0.006792223,-0.003110589,-0.000610868,-0.010307153,0.045063522,-0.007082378,0.033489371,-0.001146612,-0.00867795,-0.012651604,-0.004427922
4/9/2020,0.016998475,0.019794122,0.013553395,0.039307449,0.028590684,-0.012062084,0.012133589,0.016132403,0.013759258,0.031531369,0.022680274,0.017152427,0.013349879,0.016944765,0.007716137,-0.004871626,0.027578558,0,-0.000386056,0.038602591,0,0.01227495,0.002893954,0,0.045282286,0.016357264,0.01438347,0.003746287,0.002164657,0.012207791,0.016551265
4/10/2020,0,0,0,0,0,0,0,0,0,0,0,0,0,0,0,0.015572004,0.006134307,0,0.007863749,0,0,0,0,0,0,0,0,-0.01037299,0,0,0
4/13/2020,0,0,0,-0.012672566,0,0.014744664,-0.013639265,0,0,0,0,0,0,0,0.004753465,-0.01824676,-0.031722033,-0.000821592,-0.023616955,-0.011618012,0,0,0,0,-0.028035159,0,-0.010156059,-0.004896327,0,-0.000646606,0
4/14/2020,-0.002638888,0.024167988,-0.01286545,0,-0.000491754,0.013638152,0.023547824,0.007977369,0,-0.007768542,0.01351269,0.006459112,0.005516011,0.005359977,0.038706269,0.016470398,0.006095843,0.005583615,0.030787126,0,0.019456415,0.017839465,0.021492871,0.022467093,0.0206408,0.00219432,0.03011456,0.015235239,0.009033605,0.023593202,0.010035083
4/15/2020,-0.032385004,-0.006754886,-0.043710444,-0.009713144,-0.013123905,-0.013693458,-0.018726559,-0.040518194,-0.052576573,-0.033902623,-0.040867879,-0.021253938,-0.012935218,-0.038590703,-0.014497221,0,0.000622749,-0.027037248,-0.00452782,-0.005938309,-0.006715529,-0.042448362,-0.03712518,-0.027840787,-0.043940262,-0.035373791,-0.022276733,-0.005359632,-0.023163685,-0.012322104,-0.040199274
4/16/2020,0.012609589,-0.00839375,0.004015165,0.00802481,-0.001053456,-0.013018423,0.001128821,0.002440204,0.002930673,0.007822721,0.005506459,-0.004254455,-0.003011299,-0.011188922,0.016447351,0.002840666,0.002789444,-0.000424247,-0.013382695,0.008520074,0.016370511,-0.002768561,-0.003400822,-0.014896807,-0.005112217,-0.008076938,0.005799838,0.003092081,0.012762359,0.007764011,0.005751003
4/17/2020,0.015784183,0.020530655,0.022816112,0.031897709,0.013512069,0.0150312,0.029499723,0.027558899,0.016990316,0.021239063,0.025120923,0.032598289,0.01425088,0.016482264,0.013709276,0.02951144,0.046839603,0.027957816,0.030984839,0.029923415,0.021133328,0.024811086,0.032434332,0.027787159,0.042563386,0.009574866,0.026440932,0.00664041,0.018152218,-0.000145285,0.020524964
4/20/2020,0,-0.025564099,0.003145744,-0.000696863,-0.01048812,-0.000221951,-0.02470107,0.008068394,0.000508212,0.005864156,0,0.001975779,-0.000261407,-0.006463703,-0.010390388,-0.00793391,0.020136519,-0.008177261,-0.011532141,-0.002964243,0.015299632,-0.000958829,0.005242251,-0.008381433,-0.01291803,-0.008124561,-0.018042846,0.005044485,0.017779529,-0.006121106,0.007571876
4/21/2020,-0.018523303,-0.025289947,-0.033146574,-0.032240084,-0.018571394,0,-0.026868536,-0.034318969,-0.036602038,-0.026311375,-0.032159048,-0.031647277,-0.022786302,-0.029200687,-0.035369802,-0.018075482,-0.032672187,-0.019024004,-0.019941148,-0.030903907,-0.007156917,-0.032582679,-0.026279946,-0.020313442,-0.023496863,-0.02382829,-0.031155115,-0.008604078,-0.024562195,-0.017455457,-0.037980649
